index,sample_id,question,gold,pred,exact_match,retrieved_titles,gold_titles,num_retrieved,num_reasoning_steps,stop_reason,generation_empty,llm_finish_reason,llm_error,prediction_source,llm_debug_summary,run_dir
1,5a8b57f25542995d1e6f1371,Were Scott Derrickson and Ed Wood of the same nationality?,"[""yes""]",Yes,1,"[""Woodson, Arkansas"", ""Doctor Strange (2016 film)"", ""Ed Wood (film)"", ""Conrad Brooks"", ""Adam Collis"", ""Scott Derrickson"", ""Tyler Bates"", ""Sinister (film)"", ""Deliver Us from Evil (2014 film)"", ""Ed Wood""]","[""Scott Derrickson"", ""Ed Wood""]",10,0,single_step_rag,False,stop,,primary,api=chat_completions,outputs/hotpot_sparse_rag_qwen_api_20260501_164010_sparse_rag_qwen-plus_tok1200_n100/runs/001_5a8b57f25542995d1e6f1371
2,5a8c7595554299585d9e36b6,What government position was held by the woman who portrayed Corliss Archer in the film Kiss and Tell?,"[""Chief of Protocol""]",United States ambassador to Ghana and to Czechoslovakia,0,"[""A Kiss for Corliss"", ""Kiss and Tell (1945 film)"", ""Secretary of State for Constitutional Affairs"", ""Lord High Treasurer"", ""Village accountant"", ""Charles Craft"", ""Meet Corliss Archer (TV series)"", ""Shirley Temple"", ""Janet Waldo"", ""Meet Corliss Archer""]","[""Kiss and Tell (1945 film)"", ""Shirley Temple""]",10,0,single_step_rag,False,stop,,primary,api=chat_completions,outputs/hotpot_sparse_rag_qwen_api_20260501_164010_sparse_rag_qwen-plus_tok1200_n100/runs/002_5a8c7595554299585d9e36b6
3,5a85ea095542994775f606a8,"What science fantasy young adult series, told in first person, has a set of companion books narrating the stories of enslaved worlds and alien species?","[""Animorphs""]",Animorphs,1,"[""Animorphs"", ""Science Fantasy (magazine)"", ""The Hork-Bajir Chronicles"", ""Etiquette &amp; Espionage"", ""List of Square Enix companion books"", ""Left Behind: The Kids"", ""Victoria Hanley"", ""Andre Norton Award"", ""Shadowshaper"", ""The Divide trilogy""]","[""The Hork-Bajir Chronicles"", ""Animorphs""]",10,0,single_step_rag,False,stop,,primary,api=chat_completions,outputs/hotpot_sparse_rag_qwen_api_20260501_164010_sparse_rag_qwen-plus_tok1200_n100/runs/003_5a85ea095542994775f606a8
4,5adbf0a255429947ff17385a,Are the Laleli Mosque and Esma Sultan Mansion located in the same neighborhood?,"[""no""]",No,1,"[""Laleli Mosque"", ""Esma Sultan Mansion"", ""Djamaâ el Kebir"", ""Sultan Ahmed Mosque"", ""Esma Sultan (daughter of Abdul Hamid I)"", ""Esma Sultan (daughter of Ahmed III)"", ""Gevheri Kadın"", ""Esma Sultan (daughter of Abdülaziz)"", ""Esma Sultan"", ""Küçük Hüseyin Pasha""]","[""Laleli Mosque"", ""Esma Sultan Mansion""]",10,0,single_step_rag,False,stop,,primary,api=chat_completions,outputs/hotpot_sparse_rag_qwen_api_20260501_164010_sparse_rag_qwen-plus_tok1200_n100/runs/004_5adbf0a255429947ff17385a
5,5a8e3ea95542995a26add48d,"The director of the romantic comedy ""Big Stone Gap"" is based in what New York city?","[""Greenwich Village, New York City""]",Greenwich Village,0,"[""Big Stone Gap (film)"", ""Adriana Trigiani"", ""Kingston Morning"", ""Clinton, Minnesota"", ""I Love NY (2015 film)"", ""Just Another Romantic Wrestling Comedy"", ""Nola (film)"", ""New York Society of Model Engineers"", ""Great Eastern Conventions"", ""Hamish and Andy's Gap Year""]","[""Big Stone Gap (film)"", ""Adriana Trigiani""]",10,0,single_step_rag,False,stop,,primary,api=chat_completions,outputs/hotpot_sparse_rag_qwen_api_20260501_164010_sparse_rag_qwen-plus_tok1200_n100/runs/005_5a8e3ea95542995a26add48d
6,5abd94525542992ac4f382d2,2014 S/S is the debut album of a South Korean boy group that was formed by who?,"[""YG Entertainment""]",YG Entertainment,1,"[""2014 S/S"", ""Madtown"", ""Winner (band)"", ""SF9 (band)"", ""BTS discography"", ""List of awards and nominations received by Shinee"", ""History (band)"", ""List of songs written by Ravi"", ""Seventeen discography"", ""Cho Kyuhyun""]","[""2014 S/S"", ""Winner (band)""]",10,0,single_step_rag,False,stop,,primary,api=chat_completions,outputs/hotpot_sparse_rag_qwen_api_20260501_164010_sparse_rag_qwen-plus_tok1200_n100/runs/006_5abd94525542992ac4f382d2
7,5a85b2d95542997b5ce40028,Who was known by his stage name Aladin and helped organizations improve their performance as a consultant?,"[""Eenasul Fateh""]",Eenasul Fateh,1,"[""Management consulting"", ""Lil Ru"", ""Eenasul Fateh"", ""ELDee"", ""Amaruk Kayshapanta"", ""James P. Comer"", ""Method Man"", ""Mick (DJ)"", ""Indriati Iskak"", ""Criss Angel""]","[""Eenasul Fateh"", ""Management consulting""]",10,0,single_step_rag,False,stop,,primary,api=chat_completions,outputs/hotpot_sparse_rag_qwen_api_20260501_164010_sparse_rag_qwen-plus_tok1200_n100/runs/007_5a85b2d95542997b5ce40028
8,5a87ab905542996e4f3088c1,The arena where the Lewiston Maineiacs played their home games can seat how many people?,"[""3,677 seated""]","4,000",0,"[""Dwyer Arena"", ""Loan modification in the United States"", ""Billings Bulls"", ""2006–07 QMJHL season"", ""2011–12 QMJHL season"", ""Case Gym"", ""Lewiston Maineiacs"", ""2007 Memorial Cup"", ""Robins Center"", ""Androscoggin Bank Colisée""]","[""Lewiston Maineiacs"", ""Androscoggin Bank Colisée""]",10,0,single_step_rag,False,stop,,primary,api=chat_completions,outputs/hotpot_sparse_rag_qwen_api_20260501_164010_sparse_rag_qwen-plus_tok1200_n100/runs/008_5a87ab905542996e4f3088c1
9,5a7bbb64554299042af8f7cc,"Who is older, Annie Morton or Terry Richardson?","[""Terry Richardson""]",Terry Richardson is older,0,"[""Annie Morton"", ""Gumbo (PJ Morton album)"", ""Kenton Richardson"", ""Terry Richardson"", ""Madonna (book)"", ""Amanda Lepore"", ""Index Magazine"", ""Lady Gaga x Terry Richardson"", ""Snoecks"", ""Piano Girl""]","[""Annie Morton"", ""Terry Richardson""]",10,0,single_step_rag,False,stop,,primary,api=chat_completions,outputs/hotpot_sparse_rag_qwen_api_20260501_164010_sparse_rag_qwen-plus_tok1200_n100/runs/009_5a7bbb64554299042af8f7cc
10,5a8db19d5542994ba4e3dd00,Are Local H and For Against both from the United States?,"[""yes""]",Yes,1,"[""For Against"", ""Suffrajett"", ""Amherst, Massachusetts"", ""Ophur"", ""William H. Cook Water Tank House"", ""Mendocino County GMO Ban"", ""United States Senate election in Illinois, 1978"", ""Wilford H. Fawcett House"", ""Local H"", ""Hallelujah! I'm a Bum (album)""]","[""Local H"", ""For Against""]",10,0,single_step_rag,False,stop,,primary,api=chat_completions,outputs/hotpot_sparse_rag_qwen_api_20260501_164010_sparse_rag_qwen-plus_tok1200_n100/runs/010_5a8db19d5542994ba4e3dd00
11,5a7166395542994082a3e814,"What is the name of the fight song of the university whose main campus is in Lawrence, Kansas and whose branch campuses are in the Kansas City metropolitan area?","[""Kansas Song""]",Kansas Song,1,"[""University of Kansas"", ""University of the Incarnate Word"", ""Kansas Song"", ""University of Missouri–Kansas City"", ""North Kansas City, Missouri"", ""Kansas City Scout"", ""Kansas City metropolitan area"", ""Downtown Kansas City"", ""Kansas City jazz"", ""History of the Kansas City metropolitan area""]","[""Kansas Song"", ""University of Kansas""]",10,0,single_step_rag,False,stop,,primary,api=chat_completions,outputs/hotpot_sparse_rag_qwen_api_20260501_164010_sparse_rag_qwen-plus_tok1200_n100/runs/011_5a7166395542994082a3e814
12,5a877e5d5542993e715abf7d,"What screenwriter with credits for ""Evolution"" co-wrote a film starring Nicolas Cage and Téa Leoni?","[""David Weissman""]",David Weissman,1,"[""David Weissman"", ""The Family Man"", ""Deadfall (1993 film)"", ""Ungod"", ""Season of the Witch (2011 film)"", ""It Could Happen to You (1994 film)"", ""City of Angels (film)"", ""Drive Angry"", ""Time to Kill (1989 film)"", ""Gone in 60 Seconds (2000 film)""]","[""David Weissman"", ""The Family Man""]",10,0,single_step_rag,False,stop,,primary,api=chat_completions,outputs/hotpot_sparse_rag_qwen_api_20260501_164010_sparse_rag_qwen-plus_tok1200_n100/runs/012_5a877e5d5542993e715abf7d
13,5ab3b0bf5542992ade7c6e39,What year did Guns N Roses perform a promo for a movie starring Arnold Schwarzenegger as a former New York Police detective?,"[""1999""]",1999,1,"[""End of Days (film)"", ""Get Christie Love!"", ""Oh My God (Guns N' Roses song)"", ""Last Action Hero"", ""Guns N' Roses discography"", ""True Lies"", ""Arnold Schwarzenegger filmography"", ""Steven Adler"", ""Hammerjack's"", ""Faction Punk""]","[""Oh My God (Guns N' Roses song)"", ""End of Days (film)""]",10,0,single_step_rag,False,stop,,primary,api=chat_completions,outputs/hotpot_sparse_rag_qwen_api_20260501_164010_sparse_rag_qwen-plus_tok1200_n100/runs/013_5ab3b0bf5542992ade7c6e39
14,5ab56e32554299637185c594,Are Random House Tower and 888 7th Avenue both used for real estate?,"[""no""]",Yes,0,"[""Real estate technology"", ""Random House Tower"", ""Loan modification in the United States"", ""Villard (imprint)"", ""Real estate benchmarking"", ""Carl B. Stokes United States Courthouse"", ""888 7th Avenue"", ""Pershing Square Capital Management"", ""Hounsfield Heights/Briar Hill, Calgary"", ""South Phoenix""]","[""Random House Tower"", ""888 7th Avenue""]",10,0,single_step_rag,False,stop,,primary,api=chat_completions,outputs/hotpot_sparse_rag_qwen_api_20260501_164010_sparse_rag_qwen-plus_tok1200_n100/runs/014_5ab56e32554299637185c594
15,5ab6d09255429954757d337d,The football manager who recruited David Beckham managed Manchester United during what timeframe?,"[""from 1986 to 2013""]",1986 to 2013,0,"[""Joshua Parlby"", ""Ernest Mangnall"", ""Sir Matt Busby Sports Complex"", ""Alex Ferguson"", ""Matt Busby"", ""David Beckham Academy"", ""1996 FA Charity Shield"", ""The Class of '92"", ""David Beckham's Soccer USA"", ""1995–96 Manchester United F.C. season""]","[""1995–96 Manchester United F.C. season"", ""Alex Ferguson""]",10,0,single_step_rag,False,stop,,primary,api=chat_completions,outputs/hotpot_sparse_rag_qwen_api_20260501_164010_sparse_rag_qwen-plus_tok1200_n100/runs/015_5ab6d09255429954757d337d
16,5a75e05c55429976ec32bc5f,Brown State Fishing Lake is in a country that has a population of how many inhabitants ?,"[""9,984""]","331,002,651",0,"[""Brown County, Kansas"", ""Brown State Fishing Lake"", ""Commanda Lake"", ""Osage State Fishing Lake"", ""Neosho State Fishing Lake"", ""Higgins Lake"", ""Shawnee State Fishing Lake"", ""Higgins Lake, Michigan"", ""Fishing Lake"", ""Narrow Hills Provincial Park""]","[""Brown State Fishing Lake"", ""Brown County, Kansas""]",10,0,single_step_rag,False,stop,,primary,api=chat_completions,outputs/hotpot_sparse_rag_qwen_api_20260501_164010_sparse_rag_qwen-plus_tok1200_n100/runs/016_5a75e05c55429976ec32bc5f
17,5ab3e45655429976abd1bcd4,The Vermont Catamounts men's soccer team currently competes in a conference that was formerly known as what from 1988 to 1996?,"[""the North Atlantic Conference""]",North Atlantic Conference,0,"[""America East Conference"", ""Vermont Catamounts men's soccer"", ""Vermont Catamounts men's ice hockey"", ""Vermont Catamounts men's basketball"", ""2016–17 Vermont Catamounts men's basketball team"", ""2013–14 Vermont Catamounts men's basketball team"", ""2012–13 Vermont Catamounts men's basketball team"", ""2015–16 Vermont Catamounts men's basketball team"", ""2010–11 Vermont Catamounts men's basketball team"", ""2011–12 Vermont Catamounts men's basketball team""]","[""Vermont Catamounts men's soccer"", ""America East Conference""]",10,0,single_step_rag,False,stop,,primary,api=chat_completions,outputs/hotpot_sparse_rag_qwen_api_20260501_164010_sparse_rag_qwen-plus_tok1200_n100/runs/017_5ab3e45655429976abd1bcd4
18,5ab29c24554299449642c932,Are Giuseppe Verdi and Ambroise Thomas both Opera composers ?,"[""yes""]",Yes,1,"[""Armand Castelmary"", ""List of major opera composers"", ""Ambroise Thomas"", ""Ferdinando Provesi"", ""Teatro Giuseppe Verdi"", ""Bernhard Bötel"", ""Giuseppe Verdi"", ""Verdi, the King of Melody"", ""Giuseppe Verdi (film)"", ""Parma Airport""]","[""Giuseppe Verdi"", ""Ambroise Thomas""]",10,0,single_step_rag,False,stop,,primary,api=chat_completions,outputs/hotpot_sparse_rag_qwen_api_20260501_164010_sparse_rag_qwen-plus_tok1200_n100/runs/018_5ab29c24554299449642c932
19,5ae0d4c9554299603e418468,Roger O. Egeberg was Assistant Secretary for Health and Scientific Affairs during the administration of a president that served during what years?,"[""1969 until 1974""]",1969–1974,0,"[""Roger O. Egeberg"", ""Douglas J. Bennet"", ""Steven K. Galson"", ""Richard Nixon"", ""Robert R. Hood"", ""Edward D. Martin"", ""Office of Population Affairs"", ""Bradford P. Campbell"", ""Robert Hormats"", ""United States Assistant Secretary of State""]","[""Roger O. Egeberg"", ""Richard Nixon""]",10,0,single_step_rag,False,stop,,primary,api=chat_completions,outputs/hotpot_sparse_rag_qwen_api_20260501_164010_sparse_rag_qwen-plus_tok1200_n100/runs/019_5ae0d4c9554299603e418468
20,5a8133725542995ce29dcbdb,"Which writer was from England, Henry Roth or Robert Erskine Childers?","[""Robert Erskine Childers DSC""]",Robert Erskine Childers,0,"[""Henry Roth"", ""Erskine Barton Childers"", ""Gretchen Osgood Warren"", ""Irish Bulletin"", ""Molly Childers"", ""Robert Erskine Childers"", ""Robert Caesar Childers"", ""Asgard (yacht)"", ""Robert Barton"", ""R509 road (Ireland)""]","[""Henry Roth"", ""Robert Erskine Childers""]",10,0,single_step_rag,False,stop,,primary,api=chat_completions,outputs/hotpot_sparse_rag_qwen_api_20260501_164010_sparse_rag_qwen-plus_tok1200_n100/runs/020_5a8133725542995ce29dcbdb
21,5ae7a8175542993210983ed8,Which other Mexican Formula One race car driver has held the podium besides the Force India driver born in 1990?,"[""Pedro Rodríguez""]",Pedro Rodríguez,1,"[""Formula One drivers from Mexico"", ""Force India VJM04"", ""Sergio Pérez"", ""Eduardo Troconis"", ""2014 Bahrain Grand Prix"", ""2009 Singapore Grand Prix"", ""Michael James Lewis"", ""Mike Shank"", ""Tony Ave"", ""Catharina Felser""]","[""Formula One drivers from Mexico"", ""Sergio Pérez""]",10,0,single_step_rag,False,stop,,primary,api=chat_completions,outputs/hotpot_sparse_rag_qwen_api_20260501_164010_sparse_rag_qwen-plus_tok1200_n100/runs/021_5ae7a8175542993210983ed8
22,5ae6050f55429929b0807a5e,This singer of A Rather Blustery Day also voiced what hedgehog?,"[""Sonic""]",Sonic the Hedgehog,0,"[""Kate Higgins"", ""A Rather Blustery Day"", ""Jim Cummings"", ""The House That Jack Built (1967 film)"", ""The Wonderful Thing About Tiggers"", ""Winnie the Pooh and the Blustery Day"", ""Hip Hip Pooh-Ray!"", ""Heffalumps and Woozles"", ""The Rain Rain Rain Came Down Down Down"", ""Little Black Rain Cloud""]","[""A Rather Blustery Day"", ""Jim Cummings""]",10,0,single_step_rag,False,stop,,primary,api=chat_completions,outputs/hotpot_sparse_rag_qwen_api_20260501_164010_sparse_rag_qwen-plus_tok1200_n100/runs/022_5ae6050f55429929b0807a5e
23,5adddccd5542997dc7907069,"Aside from the Apple Remote, what other device can control the program Apple Remote was originally designed to interact with?","[""keyboard function keys""]",Keyboard function keys,1,"[""Apple Remote"", ""Universal remote"", ""Siri Remote"", ""Apple Watch"", ""Remote control"", ""MacScan"", ""Front Row (software)"", ""Trainmaster Command Control"", ""NetSupport Manager"", ""Apple Remote Desktop""]","[""Apple Remote"", ""Front Row (software)""]",10,0,single_step_rag,False,stop,,primary,api=chat_completions,outputs/hotpot_sparse_rag_qwen_api_20260501_164010_sparse_rag_qwen-plus_tok1200_n100/runs/023_5adddccd5542997dc7907069
24,5ae2070a5542994d89d5b313,"Which performance act has a higher instrument to person ratio, Badly Drawn Boy or Wolf Alice?","[""Badly Drawn Boy""]",Badly Drawn Boy,1,"[""Wolf Alice"", ""Under an Hour"", ""Tom Rothrock"", ""The Hour of Bewilderbeast"", ""Badly Drawn Boy discography"", ""Silent Sigh"", ""About a Boy (soundtrack)"", ""Something to Talk About (Badly Drawn Boy song)"", ""About a Boy (film)"", ""Badly Drawn Boy""]","[""Badly Drawn Boy"", ""Wolf Alice""]",10,0,single_step_rag,False,stop,,primary,api=chat_completions,outputs/hotpot_sparse_rag_qwen_api_20260501_164010_sparse_rag_qwen-plus_tok1200_n100/runs/024_5ae2070a5542994d89d5b313
25,5ae22b8d554299234fd0440f,What was the father of Kasper Schmeichel voted to be by the IFFHS in 1992?,"[""World's Best Goalkeeper""]",IFFHS World's Best Goalkeeper,0,"[""Peter Schmeichel"", ""Sommeren '92"", ""IFFHS World's Best Club Coach"", ""IFFHS World's Best Goalkeeper"", ""Pelé"", ""Gus Williams (musician)"", ""Kasper Schmeichel"", ""Isaak Hassler"", ""Kasper Hvidt"", ""Goštautai""]","[""Kasper Schmeichel"", ""Peter Schmeichel""]",10,0,single_step_rag,False,stop,,primary,api=chat_completions,outputs/hotpot_sparse_rag_qwen_api_20260501_164010_sparse_rag_qwen-plus_tok1200_n100/runs/025_5ae22b8d554299234fd0440f
26,5a722b8655429971e9dc9329,Who was the writer of These Boots Are Made for Walkin' and who died in 2007?,"[""Barton Lee Hazlewood""]","Lee Hazlewood, who died in 2007, wrote ""These Boots Are Made for Walkin'""",0,"[""Jim Shoulders"", ""Death of Abdul Wali"", ""Boots (album)"", ""Boots (EP)"", ""The Twenty-fifth Anniversary Anthology"", ""Lee Hazlewood"", ""Nancy Sinatra"", ""These Boots Are Made for Walkin'"", ""Kon Kan"", ""Puss N' Boots/These Boots Are Made for Walkin'""]","[""These Boots Are Made for Walkin'"", ""Lee Hazlewood""]",10,0,single_step_rag,False,stop,,primary,api=chat_completions,outputs/hotpot_sparse_rag_qwen_api_20260501_164010_sparse_rag_qwen-plus_tok1200_n100/runs/026_5a722b8655429971e9dc9329
27,5adf37a95542995ec70e8f97,"The 2011–12 VCU Rams men's basketball team, led by third year head coach Shaka Smart, represented Virginia Commonwealth University which was founded in what year?","[""1838""]",1838,1,"[""2011–12 VCU Rams men's basketball team"", ""2010–11 VCU Rams men's basketball team"", ""2012–13 VCU Rams men's basketball team"", ""2013–14 VCU Rams men's basketball team"", ""2014–15 VCU Rams men's basketball team"", ""2004–05 VCU Rams men's basketball team"", ""Virginia Commonwealth University"", ""2015–16 VCU Rams men's basketball team"", ""1995–96 VCU Rams men's basketball team"", ""2009–10 VCU Rams men's basketball team""]","[""2011–12 VCU Rams men's basketball team"", ""Virginia Commonwealth University""]",10,0,single_step_rag,False,stop,,primary,api=chat_completions,outputs/hotpot_sparse_rag_qwen_api_20260501_164010_sparse_rag_qwen-plus_tok1200_n100/runs/027_5adf37a95542995ec70e8f97
28,5abd259d55429924427fcf1a,"Are both Dictyosperma, and Huernia described as a genus?","[""yes""]",Yes,1,"[""Huernia"", ""Dictyosperma""]","[""Dictyosperma"", ""Huernia""]",2,0,single_step_rag,False,stop,,primary,api=chat_completions,outputs/hotpot_sparse_rag_qwen_api_20260501_164010_sparse_rag_qwen-plus_tok1200_n100/runs/028_5abd259d55429924427fcf1a
29,5a828c8355429966c78a6a50,Kaiser Ventures corporation was founded by an American industrialist who became known as the father of modern American shipbuilding?,"[""Henry J. Kaiser""]",Yes,0,"[""Henry J. Kaiser"", ""Edgar Kaiser Sr."", ""Edgar Kaiser Jr."", ""Nutri Ventures – The Quest for the 7 Kingdoms"", ""Kaiser Shipyards"", ""Kaiser Ventures"", ""Eagle Mountain Railroad"", ""John Roach &amp; Sons"", ""New York Shipbuilding Corporation"", ""Neafie &amp; Levy""]","[""Kaiser Ventures"", ""Henry J. Kaiser""]",10,0,single_step_rag,False,stop,,primary,api=chat_completions,outputs/hotpot_sparse_rag_qwen_api_20260501_164010_sparse_rag_qwen-plus_tok1200_n100/runs/029_5a828c8355429966c78a6a50
30,5a8a3e745542996c9b8d5e70,"What is the name for the adventure in ""Tunnels and Trolls"", a game designed by Ken St. Andre?","[""Arena of Khazan""]",Arena of Khazan,1,"[""Tunnels &amp; Trolls"", ""Mercenaries, Spies and Private Eyes"", ""Arena of Khazan"", ""Starfaring"", ""Tunnels &amp; Trolls: Crusaders of Khazan"", ""Crank Caverns"", ""Ken St. Andre"", ""St. Andre's Parish"", ""St. Andre (Goa Assembly constituency)"", ""Jon St. Andre""]","[""Arena of Khazan"", ""Tunnels &amp; Trolls""]",10,0,single_step_rag,False,stop,,primary,api=chat_completions,outputs/hotpot_sparse_rag_qwen_api_20260501_164010_sparse_rag_qwen-plus_tok1200_n100/runs/030_5a8a3e745542996c9b8d5e70
31,5ac23ff0554299636651994d,"When was Poison's album ""Shut Up, Make Love"" released?","[""2000""]","Poison did not release an album titled ""Shut Up, Make Love""; the song ""Shut Up, Make Love"" was released in 2000 as the first single from their album *Crack a Smile...and More!*, which came out on March 14, 2000",0,"[""Shut Up, Make Love"", ""Be the One (Poison song)"", ""Poison (American band)"", ""Mind If We Make Love to You"", ""Chuck Berry on Stage"", ""All I Wanna Do Is Make Love to You"", ""Make Love"", ""The Longer We Make Love"", ""Greatest Hits (Dan Fogelberg album)"", ""Make Love Not War (album)""]","[""Shut Up, Make Love"", ""Poison (American band)""]",10,0,single_step_rag,False,stop,,primary,api=chat_completions,outputs/hotpot_sparse_rag_qwen_api_20260501_164010_sparse_rag_qwen-plus_tok1200_n100/runs/031_5ac23ff0554299636651994d
32,5ae4a3265542995ad6573de5,"Hayden is a singer-songwriter from Canada, but where does Buck-Tick hail from?","[""Fujioka, Gunma""]","Fujioka, Gunma, Japan",0,"[""Hayden (musician)"", ""Hailstorm Alley"", ""Mild and Hazy"", ""Atsushi Sakurai"", ""Alberta Hail Project"", ""Skyscraper National Park"", ""Dewey Beard"", ""Kyo (musician)"", ""Masami Tsuchiya"", ""Buck-Tick""]","[""Hayden (musician)"", ""Buck-Tick""]",10,0,single_step_rag,False,stop,,primary,api=chat_completions,outputs/hotpot_sparse_rag_qwen_api_20260501_164010_sparse_rag_qwen-plus_tok1200_n100/runs/032_5ae4a3265542995ad6573de5
33,5ae0361155429925eb1afc2c,Which  French ace pilot and adventurer fly L'Oiseau Blanc,"[""Charles Eugène""]",Charles Nungesser and François Coli,0,"[""François Coli"", ""Charles Nungesser"", ""W. E. Johns"", ""L'Oiseau Blanc"", ""L'Oiseau bleu (Metzinger)"", ""Levasseur PL.8"", ""Paul Sauvage (aviator)"", ""Wooster and Davis"", ""Gervais Raoul Lufbery"", ""Georges Madon""]","[""L'Oiseau Blanc"", ""Charles Nungesser""]",10,0,single_step_rag,False,stop,,primary,api=chat_completions,outputs/hotpot_sparse_rag_qwen_api_20260501_164010_sparse_rag_qwen-plus_tok1200_n100/runs/033_5ae0361155429925eb1afc2c
34,5abc0a5d5542993f40c73c64,Are Freakonomics and In the Realm of the Hackers both American documentaries?,"[""no""]",No,1,"[""In the Realm of the Hackers"", ""Heidi Ewing"", ""Psycho Realm"", ""Shayne Workman"", ""Freakonomics Radio"", ""Hackers (film)"", ""Freakonomics (film)"", ""Robin Goldstein"", ""Jay Leiderman"", ""Peter W. Smith""]","[""Freakonomics (film)"", ""In the Realm of the Hackers""]",10,0,single_step_rag,False,stop,,primary,api=chat_completions,outputs/hotpot_sparse_rag_qwen_api_20260501_164010_sparse_rag_qwen-plus_tok1200_n100/runs/034_5abc0a5d5542993f40c73c64
35,5a7cc50e554299452d57ba3e,"Which band, Letters to Cleo or Screaming Trees, had more members?","[""Letters to Cleo""]",Screaming Trees,0,"[""Letters to Cleo"", ""Jamboree (Beat Happening album)"", ""Van Conner"", ""Screaming Trees"", ""Gary Lee Conner"", ""Mad Season (band)"", ""Truly"", ""Beat Happening/Screaming Trees"", ""Screaming Trees discography"", ""Change Has Come""]","[""Letters to Cleo"", ""Screaming Trees""]",10,0,single_step_rag,False,stop,,primary,api=chat_completions,outputs/hotpot_sparse_rag_qwen_api_20260501_164010_sparse_rag_qwen-plus_tok1200_n100/runs/035_5a7cc50e554299452d57ba3e
36,5abf63f15542997ec76fd3ea,Alexander Kerensky was defeated and destroyed by the Bolsheviks in the course of a civil war that ended when ?,"[""October 1922""]",1923,0,"[""Socialist Revolutionary Party"", ""Russian Civil War"", ""Lavr Kornilov"", ""Kerensky–Krasnov uprising"", ""Left-wing uprisings against the Bolsheviks"", ""Alexander Kerensky"", ""Communism in Russia"", ""Battle of Romanovka"", ""Louise Bryant"", ""Timofey Samsonov""]","[""Socialist Revolutionary Party"", ""Russian Civil War""]",10,0,single_step_rag,False,stop,,primary,api=chat_completions,outputs/hotpot_sparse_rag_qwen_api_20260501_164010_sparse_rag_qwen-plus_tok1200_n100/runs/036_5abf63f15542997ec76fd3ea
37,5a8ef2a75542995a26add583,Seven Brief Lessons on Physics was written by an Italian physicist that has worked in France since what year?,"[""2000""]",2000,1,"[""Seven Brief Lessons on Physics"", ""Carlo Rovelli"", ""Enrico Fermi"", ""Micropædia"", ""Claudio Pellegrini"", ""Aldo Pontremoli"", ""Antonino Lo Surdo"", ""Guido Caldarelli"", ""Sergio Ferrara"", ""Chiara Nappi""]","[""Seven Brief Lessons on Physics"", ""Carlo Rovelli""]",10,0,single_step_rag,False,stop,,primary,api=chat_completions,outputs/hotpot_sparse_rag_qwen_api_20260501_164010_sparse_rag_qwen-plus_tok1200_n100/runs/037_5a8ef2a75542995a26add583
38,5a80721b554299485f5985ef,"The Livesey Hal War Memorial commemorates the fallen of which war, that had over 60 million casualties?","[""World War II""]",World War II,1,"[""World War II casualties"", ""Livesey Hall War Memorial"", ""Masnières Newfoundland Memorial"", ""Rainham War Memorial"", ""Freetown Memorial"", ""Alamein Memorial"", ""Portsmouth Naval Memorial"", ""Arras Flying Services Memorial"", ""Vietnam War Memorial, Hanoi"", ""Tower Hill Memorial""]","[""Livesey Hall War Memorial"", ""World War II casualties""]",10,0,single_step_rag,False,stop,,primary,api=chat_completions,outputs/hotpot_sparse_rag_qwen_api_20260501_164010_sparse_rag_qwen-plus_tok1200_n100/runs/038_5a80721b554299485f5985ef
39,5ab51dae5542991779162d82,Are both Elko Regional Airport and Gerald R. Ford International Airport located in Michigan?,"[""no""]",No,1,"[""Pre-Commissioning Unit"", ""Elko Regional Airport"", ""Gerald R. Ford Presidential Library"", ""Gerald R. Ford Freeway"", ""Gerald R. Ford International Airport"", ""Bishop International Airport"", ""Grantley Adams International Airport"", ""John Glenn Columbus International Airport"", ""Pensacola International Airport"", ""Raleigh Executive Jetport""]","[""Elko Regional Airport"", ""Gerald R. Ford International Airport""]",10,0,single_step_rag,False,stop,,primary,api=chat_completions,outputs/hotpot_sparse_rag_qwen_api_20260501_164010_sparse_rag_qwen-plus_tok1200_n100/runs/039_5ab51dae5542991779162d82
40,5a7571135542992d0ec05f98,Ralph Hefferline was a psychology professor at a university that is located in what city?,"[""New York City""]",New York City,1,"[""Ralph Hefferline"", ""Columbia University"", ""Princeton Neuroscience Institute"", ""Mathematically Alive"", ""Stanley Coren"", ""Kimberly Young"", ""Abraham Maslow"", ""Frank L. Schmidt"", ""E. Mavis Hetherington"", ""David C. Funder""]","[""Ralph Hefferline"", ""Columbia University""]",10,0,single_step_rag,False,stop,,primary,api=chat_completions,outputs/hotpot_sparse_rag_qwen_api_20260501_164010_sparse_rag_qwen-plus_tok1200_n100/runs/040_5a7571135542992d0ec05f98
41,5a7a0e1e5542990783324e1a,Which dog's ancestors include Gordon and Irish Setters: the Manchester Terrier or the Scotch Collie?,"[""Scotch Collie""]",Scotch Collie,1,"[""Scotch Collie"", ""English Setter"", ""Florence Nagle"", ""Viol"", ""Feist (dog)"", ""Collie"", ""Teddy Roosevelt Terrier"", ""Toy Manchester Terrier"", ""Russkiy Toy"", ""Manchester Terrier""]","[""Manchester Terrier"", ""Scotch Collie""]",10,0,single_step_rag,False,stop,,primary,api=chat_completions,outputs/hotpot_sparse_rag_qwen_api_20260501_164010_sparse_rag_qwen-plus_tok1200_n100/runs/041_5a7a0e1e5542990783324e1a
42,5a74106b55429979e288289e,Where is the company that Sachin Warrier worked for as a software engineer headquartered?,"[""Mumbai""]","Mumbai, Maharashtra",0,"[""William Connolley"", ""Tata Consultancy Services"", ""Alec Muffett"", ""Muthuchippi Poloru"", ""Sachin Warrier"", ""Wes McKinney"", ""Sachin Bansal"", ""Lead programmer"", ""Kanave Kalayathe"", ""Divya S. Menon""]","[""Sachin Warrier"", ""Tata Consultancy Services""]",10,0,single_step_rag,False,stop,,primary,api=chat_completions,outputs/hotpot_sparse_rag_qwen_api_20260501_164010_sparse_rag_qwen-plus_tok1200_n100/runs/042_5a74106b55429979e288289e
43,5a79311755429970f5fffe67,"A Japanese manga series based on a 16 year old high school student Ichitaka Seto, is written and illustrated by someone born in what year?","[""1962""]",1962,1,"[""I&quot;s"", ""The Kindaichi Case Files"", ""My Bride is a Mermaid"", ""Clear Skies!"", ""Silver Spoon (manga)"", ""Neuro: Supernatural Detective"", ""Haven't You Heard? I'm Sakamoto"", ""Masakazu Katsura"", ""Manga Bible (series)"", ""The Prince of Tennis""]","[""Masakazu Katsura"", ""I&quot;s""]",10,0,single_step_rag,False,stop,,primary,api=chat_completions,outputs/hotpot_sparse_rag_qwen_api_20260501_164010_sparse_rag_qwen-plus_tok1200_n100/runs/043_5a79311755429970f5fffe67
44,5ab2d3df554299194fa9352c,The battle in which Giuseppe Arimondi lost his life secured what for Ethiopia?,"[""sovereignty""]",Ethiopian sovereignty,0,"[""Giuseppe Arimondi"", ""Battle of Adwa"", ""Herbert S. Lewis"", ""Second Battle of Agordat"", ""First Italo-Ethiopian War"", ""P'ent'ay"", ""Ephigenia of Ethiopia"", ""Ethiopia–Japan relations"", ""Treaty of Addis Ababa"", ""Outline of Ethiopia""]","[""Giuseppe Arimondi"", ""Battle of Adwa""]",10,0,single_step_rag,False,stop,,primary,api=chat_completions,outputs/hotpot_sparse_rag_qwen_api_20260501_164010_sparse_rag_qwen-plus_tok1200_n100/runs/044_5ab2d3df554299194fa9352c
45,5a760ab65542994ccc918697,Alfred Balk served as the secretary of the Committee on the Employment of Minority Groups in the News Media under which United States Vice President?,"[""Nelson Rockefeller""]",Nelson Rockefeller,1,"[""Alfred Balk"", ""Gordon Johndroe"", ""Gerald Ford"", ""Executive Order 10925"", ""Nelson Rockefeller"", ""Cynthia Hogan"", ""Jim Lentz"", ""Gore-Chernomyrdin Commission"", ""Robert Nyce"", ""President pro tempore of the United States Senate""]","[""Alfred Balk"", ""Nelson Rockefeller""]",10,0,single_step_rag,False,stop,,primary,api=chat_completions,outputs/hotpot_sparse_rag_qwen_api_20260501_164010_sparse_rag_qwen-plus_tok1200_n100/runs/045_5a760ab65542994ccc918697
46,5a7d54165542995f4f402256,"A medieval fortress in Dirleton, East Lothian, Scotland borders on the south side of what coastal area?","[""Yellowcraig""]",Yellowcraig,1,"[""Dirleton Castle"", ""Yellowcraigs"", ""Lothian and Borders"", ""Scottish Borders"", ""Dirleton Kirk"", ""Dirleton"", ""St. Mary's Priory (Lothian)"", ""Lord Haliburton of Dirleton"", ""Haddington, East Lothian"", ""John Home Robertson""]","[""Yellowcraigs"", ""Dirleton Castle""]",10,0,single_step_rag,False,stop,,primary,api=chat_completions,outputs/hotpot_sparse_rag_qwen_api_20260501_164010_sparse_rag_qwen-plus_tok1200_n100/runs/046_5a7d54165542995f4f402256
47,5ab859a955429934fafe6d7b,Who is the writer of this song that was inspired by words on a tombstone and was the first track on the box set Back to Mono?,"[""Phil Spector""]",Phil Spector,1,"[""To Know Him Is to Love Him"", ""Mono Masters"", ""Back to Mono (1958–1969)"", ""Nashville Rebel (box set)"", ""The Doors: Vinyl Box Set"", ""Led Zeppelin Boxed Set 2"", ""Trash Box"", ""Chrome, Smoke &amp; BBQ"", ""Live in Japan (John Coltrane album)"", ""Radiohead Box Set""]","[""Back to Mono (1958–1969)"", ""To Know Him Is to Love Him""]",10,0,single_step_rag,False,stop,,primary,api=chat_completions,outputs/hotpot_sparse_rag_qwen_api_20260501_164010_sparse_rag_qwen-plus_tok1200_n100/runs/047_5ab859a955429934fafe6d7b
48,5add61d65542995b365fab21,What type of forum did a former Soviet statesman initiate?,"[""Organizations could come together to address global issues""]",A forum for Nobel Peace Laureates to address global issues and support peace and human well-being,0,"[""Mikhail Gorbachev"", ""David Waksberg"", ""World Summit of Nobel Peace Laureates"", ""MS Excelsior Neptune"", ""Andrei Kirilenko (politician)"", ""Mikhail Suslov"", ""Nikolai Podgorny"", ""Ephraim Sklyansky"", ""Sergo Mikoyan"", ""Anastas Mikoyan""]","[""World Summit of Nobel Peace Laureates"", ""Mikhail Gorbachev""]",10,0,single_step_rag,False,stop,,primary,api=chat_completions,outputs/hotpot_sparse_rag_qwen_api_20260501_164010_sparse_rag_qwen-plus_tok1200_n100/runs/048_5add61d65542995b365fab21
49,5a8e068b5542995085b37384,Are Ferocactus and Silene both types of plant?,"[""yes""]",Yes,1,"[""Silene menziesii"", ""Ferocactus"", ""Sex determination in Silene"", ""Silene suksdorfii"", ""Silene conoidea"", ""Silene"", ""Silene stenophylla"", ""Silene tomentosa"", ""Silene antirrhina"", ""Silene latifolia""]","[""Ferocactus"", ""Silene""]",10,0,single_step_rag,False,stop,,primary,api=chat_completions,outputs/hotpot_sparse_rag_qwen_api_20260501_164010_sparse_rag_qwen-plus_tok1200_n100/runs/049_5a8e068b5542995085b37384
50,5abbf698554299114383a0b5,Which British first-generation jet-powered medium bomber was used in the South West Pacific theatre of World War II?,"[""English Electric Canberra""]",None,0,"[""English Electric Canberra"", ""Tupolev Tu-12"", ""Savoia-Marchetti SM.79"", ""South West Pacific Area (command)"", ""Edwin A. Doss"", ""South West Pacific theatre of World War II"", ""No. 12 Squadron RAAF"", ""Asiatic-Pacific Theater"", ""Coastwatchers"", ""No. 2 Squadron RAAF""]","[""No. 2 Squadron RAAF"", ""English Electric Canberra""]",10,0,single_step_rag,False,stop,,primary,api=chat_completions,outputs/hotpot_sparse_rag_qwen_api_20260501_164010_sparse_rag_qwen-plus_tok1200_n100/runs/050_5abbf698554299114383a0b5
51,5a8e1027554299653c1aa15f,Which year and which conference was the 14th season for this conference as part of the NCAA Division that the Colorado Buffaloes played in with a record of 2-6 in conference play?,"[""2009 Big 12 Conference""]",2009 Big 12 Conference,1,"[""2009 Big 12 Conference football season"", ""2009 Colorado Buffaloes football team"", ""2011 Colorado Buffaloes football team"", ""2014–15 Colorado Buffaloes men's basketball team"", ""1989 Colorado Buffaloes football team"", ""2012 Colorado Buffaloes football team"", ""2015–16 Colorado Buffaloes men's basketball team"", ""2014 Colorado Buffaloes football team"", ""2015 Colorado Buffaloes football team"", ""2016–17 Colorado Buffaloes men's basketball team""]","[""2009 Colorado Buffaloes football team"", ""2009 Big 12 Conference football season""]",10,0,single_step_rag,False,stop,,primary,api=chat_completions,outputs/hotpot_sparse_rag_qwen_api_20260501_164010_sparse_rag_qwen-plus_tok1200_n100/runs/051_5a8e1027554299653c1aa15f
52,5ab84bf555429916710eb01f,In 1991 Euromarché was bought by a chain that operated how any hypermarkets at the end of 2016?,"[""1,462""]","1,462",1,"[""Euromarché"", ""Carrefour"", ""Lewis's"", ""Holiday Inn Lake Buena Vista Downtown"", ""SavaCentre"", ""Selver"", ""Uno-X"", ""John A. Brown (department store)"", ""Tesco Extra"", ""Tazweed Center""]","[""Euromarché"", ""Carrefour""]",10,0,single_step_rag,False,stop,,primary,api=chat_completions,outputs/hotpot_sparse_rag_qwen_api_20260501_164010_sparse_rag_qwen-plus_tok1200_n100/runs/052_5ab84bf555429916710eb01f
53,5a77724455429972597f153e,What race track in the midwest hosts a 500 mile race eavery May?,"[""Indianapolis Motor Speedway""]",Indianapolis Motor Speedway,1,"[""Carolina Dodge Dealers 400"", ""1957 Indianapolis 500"", ""Orange County Fair Speedway"", ""Allison Transmission"", ""Louis Schwitzer Award"", ""Subway 400"", ""Lean Horse Ultramarathon"", ""1964 Armstrong 500"", ""Johnny Rutherford"", ""Indianapolis Motor Speedway""]","[""1957 Indianapolis 500"", ""Indianapolis Motor Speedway""]",10,0,single_step_rag,False,stop,,primary,api=chat_completions,outputs/hotpot_sparse_rag_qwen_api_20260501_164010_sparse_rag_qwen-plus_tok1200_n100/runs/053_5a77724455429972597f153e
54,5a87c13f5542996e4f30890c,"In what city did the ""Prince of tenors"" star in a film based on an opera by Giacomo Puccini?","[""Rome""]",Rome,1,"[""Franco Corelli"", ""Tosca (1956 film)"", ""La Bohème (1988 film)"", ""La fanciulla del West"", ""Gianni Schicchi"", ""O mio babbino caro"", ""Ron Bottcher"", ""Cesira Ferrani"", ""Festival Puccini"", ""Jacopo Puccini""]","[""Tosca (1956 film)"", ""Franco Corelli""]",10,0,single_step_rag,False,stop,,primary,api=chat_completions,outputs/hotpot_sparse_rag_qwen_api_20260501_164010_sparse_rag_qwen-plus_tok1200_n100/runs/054_5a87c13f5542996e4f30890c
55,5ab96ab755429970cfb8eacd,"Ellie Goulding worked with what other writers on her third studio album, Delirium?","[""Max Martin, Savan Kotecha and Ilya Salmanzadeh""]","Max Martin, Savan Kotecha, Ilya Salmanzadeh, Tove Lo, Ali Payami, and The Invisible Men",0,"[""Halcyon (album)"", ""List of songs recorded by Ellie Goulding"", ""On My Mind (Ellie Goulding song)"", ""Army (Ellie Goulding song)"", ""Delirium World Tour"", ""Something in the Way You Move"", ""Delirium (Ellie Goulding album)"", ""Outside (Calvin Harris song)"", ""Love Me like You Do"", ""Flashlight (DJ Fresh song)""]","[""Delirium (Ellie Goulding album)"", ""On My Mind (Ellie Goulding song)""]",10,0,single_step_rag,False,stop,,primary,api=chat_completions,outputs/hotpot_sparse_rag_qwen_api_20260501_164010_sparse_rag_qwen-plus_tok1200_n100/runs/055_5ab96ab755429970cfb8eacd
56,5a8a43eb5542996c9b8d5e82,Which Australian city founded in 1838 contains a boarding school opened by a Prime Minister of Australia and named after a school in London of the same name.,"[""Marion, South Australia""]",Adelaide,0,"[""Westminster School, Adelaide"", ""PNG solution"", ""Grace Church School"", ""Concho Indian Boarding School"", ""Sainik School Balachadi, Jamnagar"", ""Marion, South Australia"", ""Cotter High School (Winona, Minnesota)"", ""Princeton High School (Illinois)"", ""Vishwajyoti Higher Secondary School"", ""Grennaskolan""]","[""Westminster School, Adelaide"", ""Marion, South Australia""]",10,0,single_step_rag,False,stop,,primary,api=chat_completions,outputs/hotpot_sparse_rag_qwen_api_20260501_164010_sparse_rag_qwen-plus_tok1200_n100/runs/056_5a8a43eb5542996c9b8d5e82
57,5ae73acb5542991e8301cc07,D1NZ is a series based on what oversteering technique?,"[""Drifting""]",drifting,1,"[""D1NZ"", ""List of The Office (U.S. TV series) characters"", ""Raaz Pichhle Janam Ka"", ""Drifting (motorsport)"", ""Night School: the Web Series"", ""Rising Star (France)"", ""Iron Man (TV series)"", ""Ripley's Believe It or Not! (TV series)"", ""Raimund Harmstorf"", ""Katri, Girl of the Meadows""]","[""D1NZ"", ""Drifting (motorsport)""]",10,0,single_step_rag,False,stop,,primary,api=chat_completions,outputs/hotpot_sparse_rag_qwen_api_20260501_164010_sparse_rag_qwen-plus_tok1200_n100/runs/057_5ae73acb5542991e8301cc07
58,5a7320565542991f9a20c61d,who is younger Keith Bostic or Jerry Glanville ?,"[""Keith Bostic""]",Keith Bostic is younger than Jerry Glanville,0,"[""Keith Bostic (American football)"", ""Keith Bostic"", ""Ken Herock"", ""1987 Pittsburgh Steelers season"", ""1989 Houston Oilers season"", ""Lucky to Be Alive (Confederate Railroad album)"", ""Mouse Davis"", ""Jerry Glanville"", ""Portland State Vikings football under Jerry Glanville"", ""1990 Atlanta Falcons season""]","[""Keith Bostic (American football)"", ""Jerry Glanville""]",10,0,single_step_rag,False,stop,,primary,api=chat_completions,outputs/hotpot_sparse_rag_qwen_api_20260501_164010_sparse_rag_qwen-plus_tok1200_n100/runs/058_5a7320565542991f9a20c61d
59,5ae32e125542991a06ce9946,"According to the 2001 census, what was the population of the city in which Kirton End is located?","[""35,124""]","35,124",1,"[""Parkridge, Saskatoon"", ""Sauce Viejo, Argentina"", ""Kirton, Nottinghamshire"", ""Borough of Berwick-upon-Tweed"", ""Kirton End"", ""Kirton, Suffolk"", ""Urbanisation in India"", ""Willoughton"", ""2001 Bangladesh census"", ""Boston, Lincolnshire""]","[""Kirton End"", ""Boston, Lincolnshire""]",10,0,single_step_rag,False,stop,,primary,api=chat_completions,outputs/hotpot_sparse_rag_qwen_api_20260501_164010_sparse_rag_qwen-plus_tok1200_n100/runs/059_5ae32e125542991a06ce9946
60,5adc53f75542996e6852530a,Are both Cypress and Ajuga genera?,"[""no""]",No,1,"[""Libocedrus"", ""Ajugeae"", ""Cedrol"", ""Ajuga"", ""Fokienia"", ""Cupressus"", ""Pilgerodendron"", ""Cypress-pine"", ""Frenchman Formation"", ""Cypress""]","[""Cypress"", ""Ajuga""]",10,0,single_step_rag,False,stop,,primary,api=chat_completions,outputs/hotpot_sparse_rag_qwen_api_20260501_164010_sparse_rag_qwen-plus_tok1200_n100/runs/060_5adc53f75542996e6852530a
61,5a8b20335542996c9b8d5fb3,What distinction is held by the former NBA player who was a member of the Charlotte Hornets during their 1992-93 season and was head coach for the WNBA team Charlotte Sting?,"[""shortest player ever to play in the National Basketball Association""]",The shortest player ever to play in the NBA,0,"[""Charlotte Hornets"", ""Muggsy Bogues"", ""Ayana Walker"", ""1992–93 Charlotte Hornets season"", ""List of Texas Tech Lady Raiders in the WNBA Draft"", ""2014–15 Charlotte Hornets season"", ""Charlotte Hornets draft history"", ""2003 WNBA season"", ""List of Charlotte Hornets seasons"", ""Charlotte Hornets all-time roster""]","[""1992–93 Charlotte Hornets season"", ""Muggsy Bogues""]",10,0,single_step_rag,False,stop,,primary,api=chat_completions,outputs/hotpot_sparse_rag_qwen_api_20260501_164010_sparse_rag_qwen-plus_tok1200_n100/runs/061_5a8b20335542996c9b8d5fb3
62,5a85fb085542994775f606de,What is the name of the executive producer of the film that has a score composed by Jerry Goldsmith?,"[""Ronald Shusett""]",Steven Spielberg,0,"[""Legend (film score)"", ""Alien (film)"", ""Alien (soundtrack)"", ""Christus Apollo"", ""Innerspace"", ""Lionheart (1987 film)"", ""L.A. Confidential (soundtrack)"", ""Total Recall (1990 film)"", ""Aliens (soundtrack)"", ""Mulan (soundtrack)""]","[""Alien (soundtrack)"", ""Alien (film)""]",10,0,single_step_rag,False,stop,,primary,api=chat_completions,outputs/hotpot_sparse_rag_qwen_api_20260501_164010_sparse_rag_qwen-plus_tok1200_n100/runs/062_5a85fb085542994775f606de
63,5a7be2595542997c3ec972ac,"Who was born earlier, Emma Bull or Virginia Woolf?","[""Adeline Virginia Woolf""]",Virginia Woolf,0,"[""Emma Bull"", ""The Mark on the Wall"", ""Virginia Woolf"", ""Freshwater (opera)"", ""Jane Marcus"", ""Me! I'm Afraid of Virginia Woolf"", ""Moments of Being"", ""Jane de Gay"", ""The Duchess and the Jeweller"", ""Orlando: A Biography""]","[""Emma Bull"", ""Virginia Woolf""]",10,0,single_step_rag,False,stop,,primary,api=chat_completions,outputs/hotpot_sparse_rag_qwen_api_20260501_164010_sparse_rag_qwen-plus_tok1200_n100/runs/063_5a7be2595542997c3ec972ac
64,5a77152355429966f1a36c2e,What was the Roud Folk Song Index of the nursery rhyme inspiring What Are Little Girls Made Of?,"[""821""]",821,1,"[""What Are Little Girls Made Of?"", ""What Are Little Boys Made Of?"", ""Tweedledum and Tweedledee"", ""A Wise Old Owl"", ""Three Little Kittens"", ""Billy Boy"", ""Pretty Little Dutch Girl"", ""Aiken Drum"", ""Did You Ever See a Lassie?"", ""Row, Row, Row Your Boat""]","[""What Are Little Girls Made Of?"", ""What Are Little Boys Made Of?""]",10,0,single_step_rag,False,stop,,primary,api=chat_completions,outputs/hotpot_sparse_rag_qwen_api_20260501_164010_sparse_rag_qwen-plus_tok1200_n100/runs/064_5a77152355429966f1a36c2e
65,5a8f4c8d554299458435d5a3,Scott Parkin has been a vocal critic of Exxonmobil and another corporation that has operations in how many countries ?,"[""more than 70 countries""]",70,0,"[""Scott Parkin"", ""Yvonne Ridley"", ""Halliburton"", ""Exxon"", ""Mobil Producing Nigeria"", ""PRX-07034"", ""Oregon and Transcontinental Company"", ""Corporate synergy"", ""Religious Technology Center"", ""Dummy corporation""]","[""Scott Parkin"", ""Halliburton""]",10,0,single_step_rag,False,stop,,primary,api=chat_completions,outputs/hotpot_sparse_rag_qwen_api_20260501_164010_sparse_rag_qwen-plus_tok1200_n100/runs/065_5a8f4c8d554299458435d5a3
66,5a80840f554299485f59863b,What WB supernatrual drama series was Jawbreaker star Rose Mcgowan best known for being in?,"[""Charmed""]",Charmed,1,"[""Kay Tagal Kang Hinintay"", ""Safe Harbor (TV series)"", ""Rose McGowan"", ""Jawbreaker (film)"", ""Kerr Smith"", ""List of Charmed characters"", ""Sarah Drew"", ""Charmed"", ""Charmed (season 4)"", ""Power of Three (Charmed)""]","[""Jawbreaker (film)"", ""Rose McGowan""]",10,0,single_step_rag,False,stop,,primary,api=chat_completions,outputs/hotpot_sparse_rag_qwen_api_20260501_164010_sparse_rag_qwen-plus_tok1200_n100/runs/066_5a80840f554299485f59863b
67,5a8361b65542992ef85e22a0,Vince Phillips held a junior welterweight title by an organization recognized by what larger Hall of Fame?,"[""International Boxing Hall of Fame""]",International Boxing Hall of Fame,1,"[""International Boxing Federation"", ""Vince Phillips"", ""Bunny Grant"", ""Zab Judah"", ""Jeff Malcolm"", ""Andrew Murray (Guyanese boxer)"", ""Lawrence Austin"", ""Ralph Charles"", ""Fatai Onikeke"", ""Julian Holland (boxer)""]","[""Vince Phillips"", ""International Boxing Federation""]",10,0,single_step_rag,False,stop,,primary,api=chat_completions,outputs/hotpot_sparse_rag_qwen_api_20260501_164010_sparse_rag_qwen-plus_tok1200_n100/runs/067_5a8361b65542992ef85e22a0
68,5ae7ba7a5542993210983f12,"What is the name of the singer who's song was released as the lead single from the album ""Confessions"", and that had popular song stuck behind for eight consecutive weeks?","[""Usher""]",Usher,1,"[""Can't Touch It"", ""Stay (Sugarland song)"", ""Yeah! (Usher song)"", ""I Don't Wanna Know"", ""U Know What's Up"", ""No One (Alicia Keys song)"", ""Feel Good Inc."", ""Billy Ray Cyrus discography"", ""Stay (Shakespears Sister song)"", ""My Fair Lady (Broadway cast recording)""]","[""I Don't Wanna Know"", ""Yeah! (Usher song)""]",10,0,single_step_rag,False,stop,,primary,api=chat_completions,outputs/hotpot_sparse_rag_qwen_api_20260501_164010_sparse_rag_qwen-plus_tok1200_n100/runs/068_5ae7ba7a5542993210983f12
69,5ac2acff55429921a00ab02b,who is the younger brother of The episode guest stars of The Hard Easy,"[""Bill Murray""]",Bill Murray,1,"[""The Hard Easy (Adventure Time)"", ""The Hard Easy (film)"", ""Evicted!"", ""Roy's Wedding"", ""Brother from Another Series"", ""The Farm (The Office)"", ""Web Weirdos"", ""Moving On (The Office)"", ""Andy's Ancestry"", ""Brian Doyle-Murray""]","[""The Hard Easy (Adventure Time)"", ""Brian Doyle-Murray""]",10,0,single_step_rag,False,stop,,primary,api=chat_completions,outputs/hotpot_sparse_rag_qwen_api_20260501_164010_sparse_rag_qwen-plus_tok1200_n100/runs/069_5ac2acff55429921a00ab02b
70,5aba7cfe554299232ef4a2fd,The 2017–18 Wigan Athletic F.C. season will be a year in which the team competes in the league cup known as what for sponsorship reasons?,"[""Carabao Cup""]",Carabao Cup,1,"[""2017–18 Wigan Athletic F.C. season"", ""EFL Cup"", ""Springfield Park (Wigan)"", ""Trinidad and Tobago League Cup"", ""Nick Powell"", ""List of Wigan Borough F.C. players"", ""1979–80 Wigan Athletic F.C. season"", ""1978–79 Wigan Athletic F.C. season"", ""2006–07 Wigan Athletic F.C. season"", ""2007–08 Wigan Athletic F.C. season""]","[""2017–18 Wigan Athletic F.C. season"", ""EFL Cup""]",10,0,single_step_rag,False,stop,,primary,api=chat_completions,outputs/hotpot_sparse_rag_qwen_api_20260501_164010_sparse_rag_qwen-plus_tok1200_n100/runs/070_5aba7cfe554299232ef4a2fd
71,5ae5aba0554299546bf82f17,"Which of Tara Strong major voice role in animated series is an American animated television series based on the DC Comics fictional superhero team, the ""Teen Titans""?","[""Teen Titans Go!""]",Teen Titans,0,"[""List of Teen Titans Go! episodes"", ""Teen Titans Go! (TV series)"", ""Tara Strong"", ""Tara Strong filmography"", ""Teen Titans: Trouble in Tokyo"", ""List of Teen Titans episodes"", ""Teen Titans (season 4)"", ""Teen Titans (season 1)"", ""Teen Titans"", ""Roy Harper (comics)""]","[""Tara Strong"", ""Teen Titans Go! (TV series)""]",10,0,single_step_rag,False,stop,,primary,api=chat_completions,outputs/hotpot_sparse_rag_qwen_api_20260501_164010_sparse_rag_qwen-plus_tok1200_n100/runs/071_5ae5aba0554299546bf82f17
72,5ae1f4cb554299234fd0436d,What is the inhabitant of the city where  122nd SS-Standarte was formed in2014,"[""276,170 inhabitants""]","276,170",0,"[""122nd SS-Standarte"", ""Strasbourg"", ""122nd Division (Imperial Japanese Army)"", ""122nd Infantry Regiment (United States)"", ""122d Fighter Squadron"", ""122nd Hydroplane Liaison Squadron"", ""122nd Fighter Aviation Squadron"", ""122nd Ohio Infantry"", ""122nd (Muskoka) Battalion, CEF"", ""122nd Division""]","[""122nd SS-Standarte"", ""Strasbourg""]",10,0,single_step_rag,False,stop,,primary,api=chat_completions,outputs/hotpot_sparse_rag_qwen_api_20260501_164010_sparse_rag_qwen-plus_tok1200_n100/runs/072_5ae1f4cb554299234fd0436d
73,5ae7e1fc55429952e35ea9cc,What color clothing do people of the Netherlands wear during Oranjegekte or to celebrate the national holiday Koningsdag?,"[""orange""]",orange,1,"[""Oranjegekte"", ""Christmas in the Basque Country"", ""Jounen Kwéyòl"", ""Queen's Day (disambiguation)"", ""White Sunday"", ""Koningsdag"", ""Children's Day (Japan)"", ""Garifuna Settlement Day"", ""The Eighth (United States)"", ""Saint-Jean-Baptiste Day""]","[""Oranjegekte"", ""Koningsdag""]",10,0,single_step_rag,False,stop,,primary,api=chat_completions,outputs/hotpot_sparse_rag_qwen_api_20260501_164010_sparse_rag_qwen-plus_tok1200_n100/runs/073_5ae7e1fc55429952e35ea9cc
74,5ae37c765542992f92d822d4,"What was the name of the 1996 loose adaptation of William Shakespeare's ""Romeo & Juliet"" written by James Gunn?","[""Tromeo and Juliet""]",Tromeo and Juliet,1,"[""Tromeo and Juliet"", ""Romeo + Juliet"", ""List of Romeo × Juliet episodes"", ""A rose by any other name would smell as sweet"", ""James Gunn's PG Porn"", ""James Gunn"", ""Romeo × Juliet"", ""The Tragedy of Romeo and Juliet (film)"", ""Romeo and Juliet on screen"", ""Romeo""]","[""James Gunn"", ""Tromeo and Juliet""]",10,0,single_step_rag,False,stop,,primary,api=chat_completions,outputs/hotpot_sparse_rag_qwen_api_20260501_164010_sparse_rag_qwen-plus_tok1200_n100/runs/074_5ae37c765542992f92d822d4
75,5ae33c4d5542992f92d82262,Robert Suettinger was the national intelligence officer under which former Governor of Arkansas?,"[""William Jefferson Clinton""]",Bill Clinton,0,"[""Robert Suettinger"", ""Bill Clinton"", ""Director of the Defense Intelligence Agency"", ""National Intelligence Cross"", ""Ground Intelligence Officer"", ""National Intelligence Medal of Achievement"", ""National Intelligence Reform Medal"", ""National Intelligence Board"", ""National Intelligence Estimate"", ""National Intelligence Superior Service Medal""]","[""Robert Suettinger"", ""Bill Clinton""]",10,0,single_step_rag,False,stop,,primary,api=chat_completions,outputs/hotpot_sparse_rag_qwen_api_20260501_164010_sparse_rag_qwen-plus_tok1200_n100/runs/075_5ae33c4d5542992f92d82262
76,5a77cb335542997042120b3a,What American professional Hawaiian surfer born 18 October 1992 won the Rip Curl Pro Portugal?,"[""John John Florence""]",John John Florence,1,"[""John John Florence"", ""Coco Ho"", ""MEO Rip Curl Pro Portugal"", ""Andy Irons"", ""Barton Lynch"", ""Moche Rip Curl Pro Portugal 2014"", ""Moche Rip Curl Pro Portugal 2015"", ""MEO Rip Curl Pro Portugal 2016"", ""MEO Rip Curl Pro Portugal 2017"", ""Supertubos""]","[""MEO Rip Curl Pro Portugal"", ""John John Florence""]",10,0,single_step_rag,False,stop,,primary,api=chat_completions,outputs/hotpot_sparse_rag_qwen_api_20260501_164010_sparse_rag_qwen-plus_tok1200_n100/runs/076_5a77cb335542997042120b3a
77,5a8979f4554299669944a52e,What is the middle name of the actress who plays Bobbi Bacha in Suburban Madness?,"[""Ann""]",Ann,1,"[""Bobbi Bacha"", ""Suburban Madness"", ""Chris Funk"", ""Jeff Strabone"", ""Sela Ward"", ""Middle name"", ""Barend"", ""Latvian name"", ""Singh"", ""Marion Christopher Barry""]","[""Bobbi Bacha"", ""Sela Ward""]",10,0,single_step_rag,False,stop,,primary,api=chat_completions,outputs/hotpot_sparse_rag_qwen_api_20260501_164010_sparse_rag_qwen-plus_tok1200_n100/runs/077_5a8979f4554299669944a52e
78,5a713ea95542994082a3e6e4,Alvaro Mexia had a diplomatic mission with which tribe of indigenous people?,"[""Apalachees""]",Ais,0,"[""Alvaro Mexia"", ""Indigenous peoples of Florida"", ""Diplomatic mission"", ""United States Mission to the European Union"", ""Embassy of the United States, Nairobi"", ""List of diplomatic missions of Azerbaijan"", ""Embassy of China, London"", ""Diplomatic bag"", ""Head of mission"", ""High Commission of Australia, London""]","[""Alvaro Mexia"", ""Indigenous peoples of Florida""]",10,0,single_step_rag,False,stop,,primary,api=chat_completions,outputs/hotpot_sparse_rag_qwen_api_20260501_164010_sparse_rag_qwen-plus_tok1200_n100/runs/078_5a713ea95542994082a3e6e4
79,5a78bd9b554299078472774a,What nationality were social anthropologists Alfred Gell and Edmund Leach?,"[""British""]",British,1,"[""Alfred Gell"", ""Edmund Leach"", ""Coral Gardens and Their Magic"", ""Association of Social Anthropologists"", ""Social Anthropology (journal)"", ""Network Analysis and Ethnographic Problems"", ""Thomas Hylland Eriksen"", ""Participant observation"", ""Aleksandar Bošković"", ""Muted group theory""]","[""Alfred Gell"", ""Edmund Leach""]",10,0,single_step_rag,False,stop,,primary,api=chat_completions,outputs/hotpot_sparse_rag_qwen_api_20260501_164010_sparse_rag_qwen-plus_tok1200_n100/runs/079_5a78bd9b554299078472774a
80,5a7625e8554299109176e66a,In which year was the King who made the 1925 Birthday Honours born?,"[""1865""]",1865,1,"[""1925 Birthday Honours"", ""1951 Birthday Honours"", ""George V"", ""1965 Birthday Honours"", ""Birthday Honours"", ""2015 Birthday Honours"", ""2013 Birthday Honours"", ""2014 Birthday Honours"", ""2016 Birthday Honours"", ""2017 Birthday Honours""]","[""1925 Birthday Honours"", ""George V""]",10,0,single_step_rag,False,stop,,primary,api=chat_completions,outputs/hotpot_sparse_rag_qwen_api_20260501_164010_sparse_rag_qwen-plus_tok1200_n100/runs/080_5a7625e8554299109176e66a
81,5ae2dd2055429928c423950d,"What is the county seat of the county where East Lempster, New Hampshire is located?","[""Newport""]",Newport,1,"[""East Lempster, New Hampshire"", ""Lempster, New Hampshire"", ""Sullivan County, New Hampshire"", ""Hampden County, Massachusetts"", ""Miner Memorial Library"", ""Woodsville, New Hampshire"", ""Carroll County, New Hampshire"", ""Steven D. Smith"", ""Gardnerville Branch Jail"", ""Dover, New Hampshire""]","[""East Lempster, New Hampshire"", ""Sullivan County, New Hampshire""]",10,0,single_step_rag,False,stop,,primary,api=chat_completions,outputs/hotpot_sparse_rag_qwen_api_20260501_164010_sparse_rag_qwen-plus_tok1200_n100/runs/081_5ae2dd2055429928c423950d
82,5abdf12255429976d4830a2f,The Album Against the Wind was the 11th Album of a Rock singer Robert C Seger born may 6 1945. What was the Rock singers stage name ?,"[""Bob Seger""]",Bob Seger,1,"[""Against the Wind (album)"", ""Bob Seger"", ""Mark Britten"", ""Ride Out (album)"", ""Anggun discography"", ""Freudiana"", ""10 Hronia Mazi"", ""Heaven Knows (Robert Plant song)"", ""Stranger in Town (album)"", ""Gary Cherone""]","[""Against the Wind (album)"", ""Bob Seger""]",10,0,single_step_rag,False,stop,,primary,api=chat_completions,outputs/hotpot_sparse_rag_qwen_api_20260501_164010_sparse_rag_qwen-plus_tok1200_n100/runs/082_5abdf12255429976d4830a2f
83,5a88658955429938390d3f47,Rostker v. Goldberg held that the practice of what way of filling armed forces vacancies was consitutional?,"[""Conscription""]",requiring only men to register for the draft,0,"[""Rostker v. Goldberg"", ""Conscription in the United States"", ""Franklin D. Roosevelt's record on civil rights"", ""Fernando Tapias Stahelin"", ""Armed Forces Covenant"", ""One Rank, One Pension"", ""2010 Kiev Victory Day Parade"", ""Armed Forces Day (Poland)"", ""September 16 military parade"", ""Chief of the Defence Staff (Canada)""]","[""Rostker v. Goldberg"", ""Conscription in the United States""]",10,0,single_step_rag,False,stop,,primary,api=chat_completions,outputs/hotpot_sparse_rag_qwen_api_20260501_164010_sparse_rag_qwen-plus_tok1200_n100/runs/083_5a88658955429938390d3f47
84,5a86ebac55429960ec39b6d6,"Handi-Snacks are a snack food product line sold by what American multinational confectionery, food, and beverage company that is based in Illinois?","[""Mondelez International, Inc.""]",Mondelez International,0,"[""Handi-Snacks"", ""Mondelez International"", ""PepsiCo"", ""Canyon Creek Food Company"", ""Deep-fried peanuts"", ""Twisties"", ""Snack Foods Limited"", ""Rewrapped"", ""Robert's American Gourmet Food"", ""Snackbox Food Holdings""]","[""Handi-Snacks"", ""Mondelez International""]",10,0,single_step_rag,False,stop,,primary,api=chat_completions,outputs/hotpot_sparse_rag_qwen_api_20260501_164010_sparse_rag_qwen-plus_tok1200_n100/runs/084_5a86ebac55429960ec39b6d6
85,5aba5d2e55429901930fa799,"What was the name of a woman from the book titled ""Their Lives: The Women Targeted by the Clinton Machine "" and was also a former white house intern?","[""Monica Lewinsky""]",Monica Lewinsky,1,"[""Their Lives"", ""The White House Doctor"", ""Sheila Cavanagh"", ""Lewinsky scandal"", ""Once Upon a Secret"", ""Gregory B. Craig"", ""Eric Schultz"", ""Mark D. Fabiani"", ""William H. Ginsburg"", ""Monica Lewinsky""]","[""Their Lives"", ""Monica Lewinsky""]",10,0,single_step_rag,False,stop,,primary,api=chat_completions,outputs/hotpot_sparse_rag_qwen_api_20260501_164010_sparse_rag_qwen-plus_tok1200_n100/runs/085_5aba5d2e55429901930fa799
86,5ae5736e5542990ba0bbb2b3,"When was the American lawyer, lobbyist and political consultant who was a senior member of the presidential campaign of Donald Trump born?","[""April 1, 1949""]","April 1, 1949",1,"[""David Urban"", ""Paul Manafort"", ""Trump campaign–Russian meeting"", ""Brad Parscale"", ""Donald Trump (Last Week Tonight)"", ""Tony Fabrizio"", ""Donald Trump presidential campaign, 2000"", ""Immigration policy of Donald Trump"", ""Donald Trump in music"", ""Protests against Donald Trump""]","[""Trump campaign–Russian meeting"", ""Paul Manafort""]",10,0,single_step_rag,False,stop,,primary,api=chat_completions,outputs/hotpot_sparse_rag_qwen_api_20260501_164010_sparse_rag_qwen-plus_tok1200_n100/runs/086_5ae5736e5542990ba0bbb2b3
87,5ae005b555429942ec259bec,"In what year was the novel that Lourenço Mutarelli based ""Nina"" on based first published?","[""1866""]",1866,1,"[""Drained"", ""Quando Eu Era Vivo"", ""Lourenço Mutarelli"", ""The Birds on the Trees"", ""4 a.m. (novel)"", ""Spirit of the Border"", ""Before We Say Goodbye"", ""Three Comrades (novel)"", ""The Golden Hour (novel)"", ""Crime and Punishment""]","[""Lourenço Mutarelli"", ""Crime and Punishment""]",10,0,single_step_rag,False,stop,,primary,api=chat_completions,outputs/hotpot_sparse_rag_qwen_api_20260501_164010_sparse_rag_qwen-plus_tok1200_n100/runs/087_5ae005b555429942ec259bec
88,5a7759fc5542993569682d60,Where are Teide National Park and Garajonay National Park located?,"[""Canary Islands, Spain""]","Teide National Park is located on Tenerife and Garajonay National Park is located on La Gomera, both in the Canary Islands, Spain",0,"[""Adenocarpus viscosus"", ""Garajonay National Park"", ""Hermigua"", ""Teide National Park"", ""Alpine National Park"", ""Training centre for release of the Atma-energy"", ""Crater Lake National Park"", ""North Cascades National Park"", ""Roque Cinchado"", ""Glacier National Park Fund""]","[""Teide National Park"", ""Garajonay National Park""]",10,0,single_step_rag,False,stop,,primary,api=chat_completions,outputs/hotpot_sparse_rag_qwen_api_20260501_164010_sparse_rag_qwen-plus_tok1200_n100/runs/088_5a7759fc5542993569682d60
89,5a835478554299123d8c20ed,How many copies of Roald Dahl's variation on a popular anecdote sold?,"[""250 million""]","The number of copies sold of ""Mrs. Bixby and the Colonel's Coat"" specifically is not provided in the context",0,"[""Mrs. Bixby and the Colonel's Coat"", ""Roald Dahl"", ""Roald Dahl Children's Gallery"", ""The Collected Short Stories of Roald Dahl"", ""Roald Dahl Plass"", ""The Best of Roald Dahl"", ""Roald Dahl's Willy Wonka (musical)"", ""The Roald Dahl Treasury"", ""Roald Dahl: Collected Stories"", ""Roald Dahl short stories bibliography""]","[""Mrs. Bixby and the Colonel's Coat"", ""Roald Dahl""]",10,0,single_step_rag,False,stop,,primary,api=chat_completions,outputs/hotpot_sparse_rag_qwen_api_20260501_164010_sparse_rag_qwen-plus_tok1200_n100/runs/089_5a835478554299123d8c20ed
90,5aba749055429901930fa7d8,What occupation do Chris Menges and Aram Avakian share?,"[""director""]",film director,0,"[""End of the Road (1970 film)"", ""Aram Avakian"", ""Cops and Robbers (1973 film)"", ""11 Harrowhouse"", ""Chris Menges"", ""CrissCross"", ""Second Best (film)"", ""A World Apart (film)"", ""Linda Mvusi"", ""Made in Britain""]","[""Aram Avakian"", ""Chris Menges""]",10,0,single_step_rag,False,stop,,primary,api=chat_completions,outputs/hotpot_sparse_rag_qwen_api_20260501_164010_sparse_rag_qwen-plus_tok1200_n100/runs/090_5aba749055429901930fa7d8
91,5abfb3425542990832d3a1c0,Andrew Jaspan was the co-founder of what not-for-profit media outlet?,"[""The Conversation""]",The Conversation,1,"[""Andrew Jaspan"", ""14ymedio"", ""The Conversation (website)"", ""Vatican leaks scandal"", ""Advice column"", ""Chicago Public Media"", ""Accessible Media"", ""EvidenceNetwork.ca"", ""State media"", ""990WBOB""]","[""Andrew Jaspan"", ""The Conversation (website)""]",10,0,single_step_rag,False,stop,,primary,api=chat_completions,outputs/hotpot_sparse_rag_qwen_api_20260501_164010_sparse_rag_qwen-plus_tok1200_n100/runs/091_5abfb3425542990832d3a1c0
92,5ac3165c5542995ef918c10a,Which American film director hosted the 18th Independent Spirit Awards in 2002?,"[""John Waters""]",John Waters,1,"[""18th Independent Spirit Awards"", ""John Waters"", ""Independent Spirit Award for Best First Feature"", ""28th Independent Spirit Awards"", ""Silent Light"", ""32nd Independent Spirit Awards"", ""Independent Spirit Awards"", ""Independent Spirit Award for Best Editing"", ""Independent Spirit Award for Best Cinematography"", ""Mihai Mălaimare Jr.""]","[""18th Independent Spirit Awards"", ""John Waters""]",10,0,single_step_rag,False,stop,,primary,api=chat_completions,outputs/hotpot_sparse_rag_qwen_api_20260501_164010_sparse_rag_qwen-plus_tok1200_n100/runs/092_5ac3165c5542995ef918c10a
93,5ae53b545542990ba0bbb23c,Where does the hotel and casino located in which Bill Cosby's third album was recorded?,"[""Las Vegas Strip in Paradise""]","Flamingo Las Vegas on the Las Vegas Strip in Paradise, Nevada",0,"[""Why Is There Air?"", ""Flamingo Las Vegas"", ""Bill Cosby Is a Very Funny Fellow...Right!"", ""Yes, Yes, Yes"", ""Bill's Best Friend"", ""The Original Jam Sessions 1969"", ""Hikky Burr"", ""Inside the Mind of Bill Cosby"", ""Disco Bill"", ""At Last Bill Cosby Really Sings""]","[""Why Is There Air?"", ""Flamingo Las Vegas""]",10,0,single_step_rag,False,stop,,primary,api=chat_completions,outputs/hotpot_sparse_rag_qwen_api_20260501_164010_sparse_rag_qwen-plus_tok1200_n100/runs/093_5ae53b545542990ba0bbb23c
94,5ae224da554299234fd043ee,Do the drinks Gibson and Zurracapote both contain gin?,"[""no""]",No,1,"[""Gibson (cocktail)"", ""Rubicon Drinks"", ""Zurracapote"", ""Gin pennant"", ""Phillips Distilling Company"", ""Energy shot"", ""Soft drink"", ""List of soft drinks by country"", ""Flaming beverage"", ""CytoSport""]","[""Gibson (cocktail)"", ""Zurracapote""]",10,0,single_step_rag,False,stop,,primary,api=chat_completions,outputs/hotpot_sparse_rag_qwen_api_20260501_164010_sparse_rag_qwen-plus_tok1200_n100/runs/094_5ae224da554299234fd043ee
95,5ae2b770554299495565db0f,"In what month is the annual documentary film festival, that is presented by the fortnightly published British journal of literary essays, held?","[""March and April""]",March and April,1,"[""London Review of Books"", ""New Haven Documentary Film Festival"", ""London International Documentary Festival"", ""Chagrin Documentary Film Festival"", ""Thomas Gordon (writer)"", ""British Journal of Social Psychology"", ""Doc NYC"", ""Docville"", ""British Journal"", ""FreedomFilmFest""]","[""London International Documentary Festival"", ""London Review of Books""]",10,0,single_step_rag,False,stop,,primary,api=chat_completions,outputs/hotpot_sparse_rag_qwen_api_20260501_164010_sparse_rag_qwen-plus_tok1200_n100/runs/095_5ae2b770554299495565db0f
96,5a80b3a9554299485f5986cc,Tysons Galleria is located in what county?,"[""Fairfax County""]",Fairfax County,1,"[""Tysons Galleria"", ""Poughkeepsie Galleria"", ""Tysons, Virginia"", ""Cobb Galleria Centre"", ""McLean, Virginia"", ""McLean station"", ""Spring Hill station"", ""West McLean, Virginia"", ""Scott's Run Nature Preserve"", ""Tysons Corner Center""]","[""McLean, Virginia"", ""Tysons Galleria""]",10,0,single_step_rag,False,stop,,primary,api=chat_completions,outputs/hotpot_sparse_rag_qwen_api_20260501_164010_sparse_rag_qwen-plus_tok1200_n100/runs/096_5a80b3a9554299485f5986cc
97,5a8e0a005542995085b373a1,Bordan Tkachuk was the CEO of a company that provides what sort of products?,"[""IT products and services""]","IT products and services, including storage systems, servers, workstations and data/voice communications equipment and services",0,"[""Bordan Tkachuk"", ""Jonathan Michael Ansell"", ""Cardinal Health"", ""Terren Peizer"", ""Kingstone Companies"", ""Compass Minerals"", ""BankUnited"", ""Owens &amp; Minor"", ""Clean Power Finance"", ""Viglen""]","[""Bordan Tkachuk"", ""Viglen""]",10,0,single_step_rag,False,stop,,primary,api=chat_completions,outputs/hotpot_sparse_rag_qwen_api_20260501_164010_sparse_rag_qwen-plus_tok1200_n100/runs/097_5a8e0a005542995085b373a1
98,5ac1b8ee5542994d76dccedc,"Which filmmaker was known for animation, Lev Yilmaz or Pamela B. Green?","[""Levni Yilmaz""]",Lev Yilmaz,0,"[""Pamela B. Green"", ""Aryanto Yuniawan"", ""Lev Yilmaz"", ""Lev Kuleshov"", ""Seasoned Veteran"", ""Eliezer ben Jacob I"", ""AES+F"", ""Pamela B. Davis"", ""Anani ben Sason"", ""Pamela Gilbert""]","[""Lev Yilmaz"", ""Pamela B. Green""]",10,0,single_step_rag,False,stop,,primary,api=chat_completions,outputs/hotpot_sparse_rag_qwen_api_20260501_164010_sparse_rag_qwen-plus_tok1200_n100/runs/098_5ac1b8ee5542994d76dccedc
99,5adccd795542990d50227d2c,In which city is the ambassador of the Rabat-Salé-Kénitra administrative region to China based?,"[""Beijing""]",Beijing,1,"[""Rabat"", ""Moroccan Ambassador to China"", ""Visa policy of Hong Kong"", ""2014 NPCSC Decision on Hong Kong"", ""Sinuiju Special Administrative Region"", ""Ilocos Region"", ""Liaison Office (Hong Kong)"", ""Wolong Special Administrative Region"", ""Hong Kong Basic Law"", ""Caraga""]","[""Moroccan Ambassador to China"", ""Rabat""]",10,0,single_step_rag,False,stop,,primary,api=chat_completions,outputs/hotpot_sparse_rag_qwen_api_20260501_164010_sparse_rag_qwen-plus_tok1200_n100/runs/099_5adccd795542990d50227d2c
100,5a84c4135542994c784dda31,Are Yingkou and Fuding the same level of city?,"[""no""]",No,1,"[""Yingkou"", ""Yingkou East Railway Station"", ""Xiapu County"", ""Bayuquan Railway Station"", ""Tongcheng Subdistrict, Fuding"", ""Roman Catholic Diocese of Yingkou"", ""Yingkou Lanqi Airport"", ""Fuding Railway Station"", ""Fuding"", ""Taimushan Railway Station""]","[""Yingkou"", ""Fuding""]",10,0,single_step_rag,False,stop,,primary,api=chat_completions,outputs/hotpot_sparse_rag_qwen_api_20260501_164010_sparse_rag_qwen-plus_tok1200_n100/runs/100_5a84c4135542994c784dda31
