index,sample_id,question,gold,pred,exact_match,soft_em,answer_f1,rouge1_f,rouge2_f,rougeL_f,bleu1,bleu2,bleu3,bleu4,meteor,title_hit,steps,llm_calls,generated_tokens,stop_reason,anytime_answer,anytime_answer_score,anytime_answer_source,best_node_type,best_node_id,run_dir
0,0,"Which playwright lived a longer life, Edward Albee or J. M. Barrie?",Edward Franklin Albee III,,0,0,0.0,0.0,0.0,0.0,0.0,0.0,0.0,0.0,0.0,0,7,12,1130,final_synthesis_reserve,,0.0,,state,state_1,/workspace/TDCA/batch_outputs/hotpot_tdca_random50_seed226504_20260512_072623/runs/000_0
1,1,"What Division was the college footbal team that fired their head coach on November 24, 2006?",NCAA Division I FBS football,NCAA Division I FBS,0,1,0.888889,0.888889,0.857143,0.888889,0.778801,0.778801,0.778801,0.778801,0.816327,0,4,8,1059,final_synthesis_reserve,NCAA Division I FBS,0.8906370865104889,expansion_candidate,state,state_4,/workspace/TDCA/batch_outputs/hotpot_tdca_random50_seed226504_20260512_072623/runs/001_1
2,2,At which university did the notable psychoanalyst associated with the University of Chicago serve most of his career as a professor of psychiatry?,University of New York Upstate,University of Chicago,0,0,0.5,0.5,0.333333,0.5,0.342278,0.256709,0.0,0.0,0.416667,0,5,11,946,final_synthesis_reserve,,0.0,,memory,memory_mem_6,/workspace/TDCA/batch_outputs/hotpot_tdca_random50_seed226504_20260512_072623/runs/002_2
3,3,"Which film was created more recently, Koyaanisqatsi or Mad Hot Ballroom?",Mad Hot Ballroom,Koyaanisqatsi,0,0,0.0,0.0,0.0,0.0,0.0,0.0,0.0,0.0,0.0,0,9,10,1097,final_synthesis_reserve,Koyaanisqatsi,0.9603834130815155,grounded,state,state_2,/workspace/TDCA/batch_outputs/hotpot_tdca_random50_seed226504_20260512_072623/runs/003_3
4,4,"Which WWE wrestler who performs on the Smackdown brand has his initials as part of the team ""Rated-RKO",Randy Orton,Edge,0,0,0.0,0.0,0.0,0.0,0.0,0.0,0.0,0.0,0.0,0,6,9,943,final_synthesis_reserve,,0.0,,memory,memory_mem_5,/workspace/TDCA/batch_outputs/hotpot_tdca_random50_seed226504_20260512_072623/runs/004_4
5,5,"Who holds the world record for jumping over 6 buses and appeared on the British television series ""The Jump""?","Eddie ""The Eagle"" Edwards",,0,0,0.0,0.0,0.0,0.0,0.0,0.0,0.0,0.0,0.0,0,7,11,1051,final_synthesis_reserve,,0.0,,state,state_1,/workspace/TDCA/batch_outputs/hotpot_tdca_random50_seed226504_20260512_072623/runs/005_5
6,6,"A wide receiver for the Toronto Argonauts played college football for a team that represents the University of Oklahoma, which belongs to what conference?",Big 12 Conference,Big 12 Conference,1,1,1.0,1.0,1.0,1.0,1.0,1.0,1.0,0.0,1.0,0,5,10,628,frontier_empty,Big 12 Conference,0.8575012151713184,expansion_candidate,state,state_1,/workspace/TDCA/batch_outputs/hotpot_tdca_random50_seed226504_20260512_072623/runs/006_6
7,7,What is the name of Bruce Willis's character in Unbreakable?,David Dunn,David Dunn,1,1,1.0,1.0,1.0,1.0,1.0,1.0,0.0,0.0,1.0,0,1,3,70,llm_stop_with_root_memory,David Dunn,0.9207203286383675,memory,state,state_1,/workspace/TDCA/batch_outputs/hotpot_tdca_random50_seed226504_20260512_072623/runs/007_7
8,8,"Signed with Maybach Music Group in 2011, which artist was featured as a guest in Fire of Zamani?",Wale,Meek Mill,0,0,0.0,0.0,0.0,0.0,0.0,0.0,0.0,0.0,0.0,0,2,7,953,final_synthesis_reserve,Meek Mill,0.8152006809577691,final_synthesis,state,state_1,/workspace/TDCA/batch_outputs/hotpot_tdca_random50_seed226504_20260512_072623/runs/008_8
9,9,"What album did John Lennon release before the one that contained the song ""How?""",John Lennon/Plastic Ono Band,Imagine,0,0,0.0,0.0,0.0,0.0,0.0,0.0,0.0,0.0,0.0,0,4,10,961,final_synthesis_reserve,,0.0,,memory,memory_mem_5,/workspace/TDCA/batch_outputs/hotpot_tdca_random50_seed226504_20260512_072623/runs/009_9
10,10,Arbie Orenstein is known as a scholar on the life of what composer internationally regarded as France's greatest living composer?,Maurice Ravel,Maurice Ravel,1,1,1.0,1.0,1.0,1.0,1.0,1.0,0.0,0.0,1.0,0,8,14,1071,frontier_empty,Maurice Ravel,1.0,final_synthesis,state,state_3,/workspace/TDCA/batch_outputs/hotpot_tdca_random50_seed226504_20260512_072623/runs/010_10
11,11,Which division did people from the division Major General Robert Walker Grow commanded originally come from?,2nd Armored Division,2nd Armored Division,1,1,1.0,1.0,1.0,1.0,1.0,1.0,1.0,0.0,1.0,0,8,14,1184,frontier_empty,2nd Armored Division,0.793862688508753,final_synthesis,state,state_1,/workspace/TDCA/batch_outputs/hotpot_tdca_random50_seed226504_20260512_072623/runs/011_11
12,12,"What school did the team, whose only sophomore starter went on to play eleven seasons with the Atlanta Falcons, represent in the 1963 college football season?",University of Texas at Austin,University of Texas at Austin,1,1,1.0,1.0,1.0,1.0,1.0,1.0,1.0,1.0,1.0,0,1,5,704,llm_stop_with_root_memory,University of Texas at Austin,0.9179230637538129,memory,state,state_1,/workspace/TDCA/batch_outputs/hotpot_tdca_random50_seed226504_20260512_072623/runs/012_12
13,13,"Who had more of their English novels turned into Oscar-nominated films, Raja Rao or Pat Conroy?","Two of his novels, ""The Prince of Tides"" and ""The Great Santini"", were made into Oscar-nominated films.",Raja Rao,0,0,0.0,0.0,0.0,0.0,0.0,0.0,0.0,0.0,0.0,0,5,10,1028,final_synthesis_reserve,Raja Rao,0.8735999968173109,final_synthesis,memory,memory_mem_6,/workspace/TDCA/batch_outputs/hotpot_tdca_random50_seed226504_20260512_072623/runs/013_13
14,14,The star in a 1953 epic Metro-Goldwyn-Mayer film adaption of the play by Shakespeare had what occupation?,"American actor, film director and political activist",actor,0,1,0.25,0.25,0.0,0.25,0.002479,0.0,0.0,0.0,0.15625,0,2,8,910,final_synthesis_reserve,actor,0.8412678906141459,final_synthesis,state,state_1,/workspace/TDCA/batch_outputs/hotpot_tdca_random50_seed226504_20260512_072623/runs/014_14
15,15,One of the directors of Mediastan is well-known for founding what organisation in 2006?,WikiLeaks,Johannes Wahlstr,0,0,0.0,0.0,0.0,0.0,0.0,0.0,0.0,0.0,0.0,0,7,8,887,final_synthesis_reserve,Johannes Wahlstr,0.8269194212850113,expansion_candidate,memory,memory_mem_5,/workspace/TDCA/batch_outputs/hotpot_tdca_random50_seed226504_20260512_072623/runs/015_15
16,16,"Who won Miss America 2013, which was the 86th Miss America pageant held at the PH Live in Las Vegas?",Mallory Hytes Hagan,Mallory Hagan,0,1,0.8,0.8,0.0,0.8,0.606531,0.0,0.0,0.0,0.689655,0,1,3,75,llm_stop_with_root_memory,Mallory Hagan,0.9415353232590934,memory,memory,memory_mem_4,/workspace/TDCA/batch_outputs/hotpot_tdca_random50_seed226504_20260512_072623/runs/016_16
17,17,The M1919 and the M1 was used by what military?,U.S.,military,0,0,0.0,0.0,0.0,0.0,0.0,0.0,0.0,0.0,0.0,0,8,12,1056,final_synthesis_reserve,,0.0,,memory,memory_mem_4,/workspace/TDCA/batch_outputs/hotpot_tdca_random50_seed226504_20260512_072623/runs/017_17
18,18,Live Wire Radio will possibly be considered as a replacement for a variety show created in what year?,1974,1974,1,1,1.0,1.0,0.0,1.0,1.0,0.0,0.0,0.0,1.0,0,5,11,871,frontier_empty,1974,0.9511422742199337,final_synthesis,state,state_3,/workspace/TDCA/batch_outputs/hotpot_tdca_random50_seed226504_20260512_072623/runs/018_18
19,19,"Bob Edwards was the host of what show, that later was hosted by Renee Montagne?",Morning Edition,Morning Edition,1,1,1.0,1.0,1.0,1.0,1.0,1.0,0.0,0.0,1.0,0,8,15,894,frontier_empty,Morning Edition,0.9197613904817623,expansion_candidate,memory,memory_mem_5,/workspace/TDCA/batch_outputs/hotpot_tdca_random50_seed226504_20260512_072623/runs/019_19
20,20,What type of film is Jordan Roberts 2017 film release?,3D computer-animated comedy,3D computer-animated comedy,1,1,1.0,1.0,1.0,1.0,1.0,1.0,1.0,1.0,1.0,0,7,10,1012,final_synthesis_reserve,,0.0,,memory,memory_mem_7,/workspace/TDCA/batch_outputs/hotpot_tdca_random50_seed226504_20260512_072623/runs/020_20
21,21,Where is the origin of Tie Domi who was a player for the Maple Leafs?,Albanian origin,Winnipeg,0,0,0.0,0.0,0.0,0.0,0.0,0.0,0.0,0.0,0.0,0,9,14,1158,frontier_empty,Winnipeg,0.9607790422428831,final_synthesis,state,state_1,/workspace/TDCA/batch_outputs/hotpot_tdca_random50_seed226504_20260512_072623/runs/021_21
22,22,"Which item spanned farther distances regarding sales, Interact Home Computer or Sord M5?",Sord M5,Sord M5,1,1,1.0,1.0,1.0,1.0,1.0,1.0,0.0,0.0,1.0,0,5,10,1018,final_synthesis_reserve,Sord M5,0.9383319850990794,final_synthesis,memory,memory_mem_6,/workspace/TDCA/batch_outputs/hotpot_tdca_random50_seed226504_20260512_072623/runs/022_22
23,23,Graham Linehan was the creator of the Ash Atalla-produced sitcom for what UK channel?,Channel 4,Channel 4,1,1,1.0,1.0,1.0,1.0,1.0,1.0,0.0,0.0,1.0,0,5,9,636,frontier_empty,Channel 4,0.851298225611348,expansion_candidate,memory,memory_mem_6,/workspace/TDCA/batch_outputs/hotpot_tdca_random50_seed226504_20260512_072623/runs/023_23
24,24,Who resides in the palace that was the inspiration for the Kensington System's name?,British Royal Family,Queen Victoria,0,0,0.0,0.0,0.0,0.0,0.0,0.0,0.0,0.0,0.0,0,8,14,1050,final_synthesis_reserve,,0.0,,memory,memory_mem_6,/workspace/TDCA/batch_outputs/hotpot_tdca_random50_seed226504_20260512_072623/runs/024_24
25,25,Which City in the Miami metropolitan area is home to the Primetime Race Group?,"Hollywood, Florida",Hollywood,0,1,0.666667,0.666667,0.0,0.666667,0.367879,0.0,0.0,0.0,0.526316,0,1,3,68,llm_stop_with_root_memory,Hollywood,0.9451071635119398,memory,memory,memory_mem_4,/workspace/TDCA/batch_outputs/hotpot_tdca_random50_seed226504_20260512_072623/runs/025_25
26,26,Is The Moon-Spinners and Oceans both documentaries?,no,No,1,1,1.0,1.0,0.0,1.0,1.0,0.0,0.0,0.0,1.0,0,6,11,1000,frontier_empty,,0.0,,memory,memory_mem_5,/workspace/TDCA/batch_outputs/hotpot_tdca_random50_seed226504_20260512_072623/runs/026_26
27,27,The musical composer of Manru was a spokesman for what country's independence?,Polish independence,Poland,0,0,0.0,0.0,0.0,0.0,0.0,0.0,0.0,0.0,0.0,0,8,13,1096,frontier_empty,Poland,0.8415610520964778,expansion_candidate,memory,memory_mem_6,/workspace/TDCA/batch_outputs/hotpot_tdca_random50_seed226504_20260512_072623/runs/027_27
28,28,"What professional baseball player who played for the Brooklyn Robbins in 1928 and 1929, attended college in Denton, Texas?",Walter Maxwell West Sr.,Max West,0,0,0.333333,0.333333,0.0,0.333333,0.18394,0.0,0.0,0.0,0.263158,0,4,7,563,frontier_empty,Max West,0.8322503781403746,expansion_candidate,state,state_3,/workspace/TDCA/batch_outputs/hotpot_tdca_random50_seed226504_20260512_072623/runs/028_28
29,29,Both the 2010–11 UEFA Champions League knockout phase  and 011 UEFA Champions League Final were held at what London stadium?,Wembley,Wembley Stadium,0,1,0.666667,0.666667,0.0,0.666667,0.5,0.0,0.0,0.0,0.909091,0,1,3,74,llm_stop_with_root_memory,Wembley Stadium,0.937272539722073,memory,state,state_1,/workspace/TDCA/batch_outputs/hotpot_tdca_random50_seed226504_20260512_072623/runs/029_29
30,30,Havelock Ellis and Arnold Bennett were both what?,writer,novelist,0,0,0.0,0.0,0.0,0.0,0.0,0.0,0.0,0.0,0.0,0,8,13,1150,final_synthesis_reserve,,0.0,,memory,memory_mem_4,/workspace/TDCA/batch_outputs/hotpot_tdca_random50_seed226504_20260512_072623/runs/030_30
31,31,"Who would you be more worried about playing a chess game against, Marcel Duchamp or Jiang Wen",Duchamp,,0,0,0.0,0.0,0.0,0.0,0.0,0.0,0.0,0.0,0.0,0,6,11,1034,final_synthesis_reserve,,0.0,,state,state_1,/workspace/TDCA/batch_outputs/hotpot_tdca_random50_seed226504_20260512_072623/runs/031_31
32,32,The Battle of Nanchang was fought between the Chinese Nationals and what ground-based armed force of Japan?,Imperial Japanese Army,Imperial Japanese Army,1,1,1.0,1.0,1.0,1.0,1.0,1.0,1.0,0.0,1.0,0,3,5,209,llm_stop_with_root_memory,Imperial Japanese Army,0.9796015183644575,expansion_candidate,memory,memory_mem_5,/workspace/TDCA/batch_outputs/hotpot_tdca_random50_seed226504_20260512_072623/runs/032_32
33,33,What year was George Harrison's top UK charted song voted the nations 11th favorite 1980s number?,2015,1987,0,0,0.0,0.0,0.0,0.0,0.0,0.0,0.0,0.0,0.0,0,6,10,1055,final_synthesis_reserve,,0.0,,memory,memory_mem_5,/workspace/TDCA/batch_outputs/hotpot_tdca_random50_seed226504_20260512_072623/runs/033_33
34,34,"""It Girl"" is musically classified in the middle of what terminology describing the speed or pace of a given piece?",tempo,mid-tempo,0,1,0.666667,0.666667,0.0,0.666667,0.5,0.0,0.0,0.0,0.909091,0,8,12,1111,final_synthesis_reserve,,0.0,,memory,memory_mem_5,/workspace/TDCA/batch_outputs/hotpot_tdca_random50_seed226504_20260512_072623/runs/034_34
35,35,What muffler repair shop owner inspired Andrey Zvyagintsev's film Leviathan?,Marvin John Heemeyer,Marvin Heemeyer,0,1,0.8,0.8,0.0,0.8,0.606531,0.0,0.0,0.0,0.689655,0,7,12,963,frontier_empty,Mikhail Krichman,0.8875364419111585,expansion_candidate,memory,memory_mem_7,/workspace/TDCA/batch_outputs/hotpot_tdca_random50_seed226504_20260512_072623/runs/035_35
36,36,Lafe Pence was a member of which lower chamber of the United States congress?,United States House of Representatives,United States House of Representatives,1,1,1.0,1.0,1.0,1.0,1.0,1.0,1.0,1.0,1.0,0,9,15,1087,final_synthesis_reserve,House of Representatives,0.8853758857875058,expansion_candidate,state,state_1,/workspace/TDCA/batch_outputs/hotpot_tdca_random50_seed226504_20260512_072623/runs/036_36
37,37,Who led the Texian Army in the battle in whichJoseph L. Bennett served as lieutenant colonel?,General Sam Houston,General Sam Houston,1,1,1.0,1.0,1.0,1.0,1.0,1.0,1.0,0.0,1.0,0,5,10,718,frontier_empty,US Army. Sam Houston,0.8693978228074976,expansion_candidate,state,state_4,/workspace/TDCA/batch_outputs/hotpot_tdca_random50_seed226504_20260512_072623/runs/037_37
38,38,"Which airport is further north, Valley International Airport or Aberdeen Regional Airport?",Aberdeen Regional Airport,Aberdeen Regional Airport,1,1,1.0,1.0,1.0,1.0,1.0,1.0,1.0,0.0,1.0,0,6,10,883,final_synthesis_reserve,Aberdeen Regional Airport,0.8735999956523597,final_synthesis,memory,memory_mem_6,/workspace/TDCA/batch_outputs/hotpot_tdca_random50_seed226504_20260512_072623/runs/038_38
39,39,"Which single was recorded in 1989 at the first Tubronegro rehearsal by the Norwegian punk rock band, initially active from 1989 to 1998, whose style is ""deathpunk""?",Computech,Computech,1,1,1.0,1.0,0.0,1.0,1.0,0.0,0.0,0.0,1.0,0,5,8,668,frontier_empty,Computech,0.8433850614814229,expansion_candidate,memory,memory_mem_5,/workspace/TDCA/batch_outputs/hotpot_tdca_random50_seed226504_20260512_072623/runs/039_39
40,40,How many visitors per year does the first stop of OC Transpo Route 97 attract each year?,about 7 million,7 million,0,1,0.8,0.8,0.666667,0.8,0.606531,0.606531,0.0,0.0,0.689655,0,5,10,856,frontier_empty,7 million,0.7877287455738496,expansion_candidate,memory,memory_mem_5,/workspace/TDCA/batch_outputs/hotpot_tdca_random50_seed226504_20260512_072623/runs/040_40
41,41,"Who released the song ""With or Without You"" first, Jai McDowall or U2?",U2,,0,0,0.0,0.0,0.0,0.0,0.0,0.0,0.0,0.0,0.0,0,8,10,1098,final_synthesis_reserve,,0.0,,state,state_1,/workspace/TDCA/batch_outputs/hotpot_tdca_random50_seed226504_20260512_072623/runs/041_41
42,42,"What is the name of the actress who played as Blair Cramer from the daytime drama series ""One Life to Live"" for 20 years who is also currently playing as Eve Donovan on ""Days of Our Lives""?",Kassie DePaiva,Blair Cramer,0,0,0.0,0.0,0.0,0.0,0.0,0.0,0.0,0.0,0.0,0,3,5,527,high_confidence_root_memory,Blair Cramer,0.9311006552558965,final_synthesis,memory,memory_mem_6,/workspace/TDCA/batch_outputs/hotpot_tdca_random50_seed226504_20260512_072623/runs/042_42
43,43,What kind of film are  The Silent Historian and The Betrayal – Nerakhoon?,documentary film,documentary film,1,1,1.0,1.0,1.0,1.0,1.0,1.0,0.0,0.0,1.0,0,3,5,371,root_memory_plateau,documentary film,0.9589732631564145,expansion_candidate,memory,memory_mem_6,/workspace/TDCA/batch_outputs/hotpot_tdca_random50_seed226504_20260512_072623/runs/043_43
44,44,Robert Bobby Noble's third football engagement was with a association station where?,"Bury, Greater Manchester, England",,0,0,0.0,0.0,0.0,0.0,0.0,0.0,0.0,0.0,0.0,0,4,8,1020,final_synthesis_reserve,,0.0,,state,state_1,/workspace/TDCA/batch_outputs/hotpot_tdca_random50_seed226504_20260512_072623/runs/044_44
45,45,What is the middle name of the Silicon Valley entrepreneur disussed in the non-fiction book The Unwinding?,Andreas,Oceanic Preservation Society,0,0,0.0,0.0,0.0,0.0,0.0,0.0,0.0,0.0,0.0,0,8,9,1143,final_synthesis_reserve,The Unwinding,0.8431437599989275,expansion_candidate,memory,memory_mem_7,/workspace/TDCA/batch_outputs/hotpot_tdca_random50_seed226504_20260512_072623/runs/045_45
46,46,"Who was born later, Jerry Garcia or Joe Gooch?",Joe Gooch,Joe Gooch,1,1,1.0,1.0,1.0,1.0,1.0,1.0,0.0,0.0,1.0,0,7,10,929,final_synthesis_reserve,"January 30, 1946",0.8735999975406858,expansion_candidate,memory,memory_mem_6,/workspace/TDCA/batch_outputs/hotpot_tdca_random50_seed226504_20260512_072623/runs/046_46
47,47,Who was born first out of Leopold Lummerstorfer and Laurent Touil-Tartour?,Leopold Lummerstorfer,Leopold Lummerstorfer,1,1,1.0,1.0,1.0,1.0,1.0,1.0,0.0,0.0,1.0,0,6,9,844,high_confidence_root_memory,"November 23, 1971",0.8735999966565036,expansion_candidate,memory,memory_mem_6,/workspace/TDCA/batch_outputs/hotpot_tdca_random50_seed226504_20260512_072623/runs/047_47
48,48,"What ""Splitting Image"" voice artist provided testimony in Evidently... John Cooper Clarke?",Stephen John Coogan,Steve Coogan,0,0,0.4,0.4,0.0,0.4,0.303265,0.0,0.0,0.0,0.344828,0,5,10,888,high_confidence_root_memory,Steve Coogan,0.8779110052630495,final_synthesis,memory,memory_mem_5,/workspace/TDCA/batch_outputs/hotpot_tdca_random50_seed226504_20260512_072623/runs/048_48
49,49,How long was the career of the actor in The Skull?,70 years,43 years,0,0,0.5,0.5,0.0,0.5,0.5,0.0,0.0,0.0,0.5,0,2,7,903,final_synthesis_reserve,43 years,0.7359301445251142,final_synthesis,state,state_1,/workspace/TDCA/batch_outputs/hotpot_tdca_random50_seed226504_20260512_072623/runs/049_49
