index,sample_id,question,gold,pred,exact_match,soft_em,answer_f1,rouge1_f,rouge2_f,rougeL_f,bleu1,bleu2,bleu3,bleu4,meteor,title_hit,retrieved_titles,gold_titles,num_retrieved,num_reasoning_steps,stop_reason,generation_empty,llm_finish_reason,llm_error,prediction_source,llm_debug_summary,run_dir
1,2hop__496961_554601,What's the place of birth of the former member of The Sunnyboys?,"[""Kingscliff"", ""Kingscliff, New South Wales""]","Kingscliff, New South Wales",1,1,1.0,1.0,1.0,1.0,1.0,1.0,1.0,1.0,1.0,1,"[""Sunnyboys"", ""Birth certificate"", ""Jeremy Oxley"", ""La Rosiere de Pessac"", ""Natural-born-citizen clause""]","[""Sunnyboys"", ""Jeremy Oxley""]",5,1,final_answer,False,stop,,primary,api=chat_completions,outputs/musique_ircot_sparse_random_seed520_20260523_100943_ircot_qwen-plus_tok1200_n100_random100_seed520_tok1200/runs/001_2hop__496961_554601
2,2hop__29368_29376,What event caused the founder of Australia's liberal party to become Prime Minister?,"[""Lyons' death in 1939""]","The Liberal–Country coalition won the 1949 federal election, defeating the Labor government led by Ben Chifley; this victory enabled Robert Menzies — as leader of the Liberal Party — to become Prime Minister for the second time",0,0,0.0,0.0,0.0,0.0,0.0,0.0,0.0,0.0,0.0,1,"[""Liberal Party of Australia"", ""Barton Government"", ""History of Australia"", ""Liberal Party of Australia"", ""Lyons Government""]","[""Liberal Party of Australia""]",5,1,final_answer,False,stop,,primary,api=chat_completions,outputs/musique_ircot_sparse_random_seed520_20260523_100943_ircot_qwen-plus_tok1200_n100_random100_seed520_tok1200/runs/002_2hop__29368_29376
3,2hop__77601_814677,What pantheon is the God of the underworld in ancient Egypt a part of?,"[""ancient Egyptian religion""]",Egyptian pantheon,0,0,0.4,0.4,0.0,0.4,0.303265,0.0,0.0,0.0,0.344828,1,"[""Greek mythology"", ""Romance of the Underworld"", ""Book of Exodus"", ""Temple of Kom Ombo"", ""Osiris""]","[""Hapi (Son of Horus)"", ""Osiris""]",5,1,final_answer,False,stop,,primary,api=chat_completions,outputs/musique_ircot_sparse_random_seed520_20260523_100943_ircot_qwen-plus_tok1200_n100_random100_seed520_tok1200/runs/003_2hop__77601_814677
4,2hop__92051_827343,Who is the sibling of the actress who played Susan Walker in Miracle on 34th street?,"[""Lana Wood""]",The context does not provide information about Mara Wilson's siblings,0,0,0.0,0.0,0.0,0.0,0.0,0.0,0.0,0.0,0.0,1,"[""Mara Wilson"", ""Tora Suber"", ""Susan Banks"", ""Miracle on 34th Street"", ""Mr. Noodle"", ""Mr. Noodle"", ""Mara Wilson"", ""Bit part"", ""The Miracle Child"", ""Miracle on 34th Street"", ""Mr. Noodle"", ""Mara Wilson"", ""Bit part"", ""The Miracle Child"", ""Miracle on 34th Street""]","[""Five Finger Exercise"", ""Miracle on 34th Street""]",15,3,max_steps,False,stop,,primary,api=chat_completions,outputs/musique_ircot_sparse_random_seed520_20260523_100943_ircot_qwen-plus_tok1200_n100_random100_seed520_tok1200/runs/004_2hop__92051_827343
5,2hop__16581_16525,When did the person who first brought a postal service into Umayyad lands become caliph?,"[""661""]",661,1,1,1.0,1.0,0.0,1.0,1.0,0.0,0.0,0.0,1.0,1,"[""Umayyad Caliphate"", ""Punjab, Pakistan"", ""Umayyad Caliphate"", ""Postage stamps and postal history of India"", ""Umayyad Caliphate""]","[""Umayyad Caliphate""]",5,1,final_answer,False,stop,,primary,api=chat_completions,outputs/musique_ircot_sparse_random_seed520_20260523_100943_ircot_qwen-plus_tok1200_n100_random100_seed520_tok1200/runs/005_2hop__16581_16525
6,2hop__88906_55840,"In the King's Speech, who played the person who was the King of England in 1950?","[""Colin Firth""]",Colin Firth,1,1,1.0,1.0,1.0,1.0,1.0,1.0,0.0,0.0,1.0,1,"[""The King's Speech"", ""Lascelles Principles"", ""Dwight King"", ""Richard of Shrewsbury, Duke of York"", ""List of English monarchs""]","[""The King's Speech"", ""George VI""]",5,1,final_answer,False,stop,,primary,api=chat_completions,outputs/musique_ircot_sparse_random_seed520_20260523_100943_ircot_qwen-plus_tok1200_n100_random100_seed520_tok1200/runs/006_2hop__88906_55840
7,2hop__555792_30351,Who did Hayek work for upon being hired by the author of Omnipotent Government?,"[""the Austrian government"", ""Austria"", ""AT"", ""at"", ""AUT""]",Austrian government,1,1,1.0,1.0,1.0,1.0,1.0,1.0,0.0,0.0,1.0,1,"[""Friedrich Hayek"", ""Chris Metzen"", ""Nicholas Eftimiades"", ""Form I-9"", ""Omnipotent Government""]","[""Omnipotent Government"", ""Friedrich Hayek""]",5,1,final_answer,False,stop,,primary,api=chat_completions,outputs/musique_ircot_sparse_random_seed520_20260523_100943_ircot_qwen-plus_tok1200_n100_random100_seed520_tok1200/runs/007_2hop__555792_30351
8,2hop__10122_18974,Who led the military expedition to where now Min dialects are spoken on border with Zhejiang?,"[""Chen Zheng""]","Chen Zheng and his son Chen Yuanguang; and later, Wang Chao and Wang Shenzhi",0,1,0.25,0.25,0.142857,0.25,0.142857,0.076923,0.0,0.0,0.625,1,"[""Zhejiang"", ""Hokkien"", ""Normans"", ""Old English"", ""Hokkien""]","[""Hokkien"", ""Zhejiang""]",5,1,final_answer,False,stop,,primary,api=chat_completions,outputs/musique_ircot_sparse_random_seed520_20260523_100943_ircot_qwen-plus_tok1200_n100_random100_seed520_tok1200/runs/008_2hop__10122_18974
9,2hop__326404_120065,When did Charles Frederick II's birthplace fall?,"[""1738""]","The name ""Charles Frederick II"" does not appear in the provided context, and no information about his birthplace or its fall is given",0,0,0.0,0.0,0.0,0.0,0.0,0.0,0.0,0.0,0.0,0,"[""Electorate of Baden"", ""Kingdom of Naples"", ""Andronikos V Palaiologos"", ""Cornstalk Heights"", ""Prince Louis Charles of Prussia"", ""Cornstalk Heights"", ""Kingdom of Naples"", ""Andronikos V Palaiologos"", ""Margaret of the Palatinate"", ""List of That '70s Show characters"", ""Kingdom of Naples"", ""Cornstalk Heights"", ""Andronikos V Palaiologos"", ""Edward Proger"", ""Maximilian von Alopaeus""]","[""Merseburg"", ""Charles Frederick II, Duke of Württemberg-Oels""]",15,3,max_steps,False,stop,,primary,api=chat_completions,outputs/musique_ircot_sparse_random_seed520_20260523_100943_ircot_qwen-plus_tok1200_n100_random100_seed520_tok1200/runs/009_2hop__326404_120065
10,2hop__16844_20510,When was the entity that was dissolved after the Indian Rebellion in 1857 chartered?,"[""1600""]",1600,1,1,1.0,1.0,0.0,1.0,1.0,0.0,0.0,0.0,1.0,1,"[""Article 370 of the Constitution of India"", ""Queen Victoria"", ""British Raj"", ""British Empire"", ""Modern history""]","[""British Empire"", ""Queen Victoria""]",5,1,final_answer,False,stop,,primary,api=chat_completions,outputs/musique_ircot_sparse_random_seed520_20260523_100943_ircot_qwen-plus_tok1200_n100_random100_seed520_tok1200/runs/010_2hop__16844_20510
11,2hop__608902_653666,Who is the mother of Katharine Smith Salisbury's brother?,"[""Lucy Mack Smith""]",Lucy Mack Smith,1,1,1.0,1.0,1.0,1.0,1.0,1.0,1.0,0.0,1.0,1,"[""Zadie Smith"", ""Minnie Cumnock Blodgett"", ""Katharine Brown"", ""Dweezil Zappa"", ""Katharine Smith Salisbury""]","[""Katharine Smith Salisbury"", ""History of Joseph Smith by His Mother""]",5,1,final_answer,False,stop,,primary,api=chat_completions,outputs/musique_ircot_sparse_random_seed520_20260523_100943_ircot_qwen-plus_tok1200_n100_random100_seed520_tok1200/runs/011_2hop__608902_653666
12,2hop__61664_786853,Who is the spouse of the voice actor of Batman in The Lego Batman Movie?,"[""Amy Poehler""]",Amy Poehler,1,1,1.0,1.0,1.0,1.0,1.0,1.0,0.0,0.0,1.0,1,"[""Will Friedle"", ""The Lego Batman Movie"", ""The Lego Movie (franchise)"", ""Two-Face"", ""The Lego Batman Movie"", ""On Broadway (film)"", ""The Lego Batman Movie"", ""Joe Chill"", ""Damian Wayne"", ""Batman: Arkham City""]","[""On Broadway (film)"", ""The Lego Batman Movie""]",10,2,final_answer,False,stop,,primary,api=chat_completions,outputs/musique_ircot_sparse_random_seed520_20260523_100943_ircot_qwen-plus_tok1200_n100_random100_seed520_tok1200/runs/012_2hop__61664_786853
13,2hop__151705_141308,What company is I Dig Love's record label a part of?,"[""Apple Corps""]",Apple Corps Ltd,0,1,0.8,0.8,0.666667,0.8,0.666667,0.5,0.0,0.0,0.952381,1,"[""I Dig Love"", ""Barbara Pittman"", ""Sony Music"", ""Sony Music"", ""For Someone I Love""]","[""I Dig Love"", ""Apple Records""]",5,1,final_answer,False,stop,,primary,api=chat_completions,outputs/musique_ircot_sparse_random_seed520_20260523_100943_ircot_qwen-plus_tok1200_n100_random100_seed520_tok1200/runs/013_2hop__151705_141308
14,2hop__424908_500483,"What shares a border with the administrative district where Bieliny, Świętokrzyskie Voivodeship is the capital?","[""Gmina Daleszyce""]","Gmina Daleszyce, Gmina Górno, Gmina Łagów, Gmina Pierzchnica, and Gmina Raków",0,1,0.25,0.25,0.142857,0.25,0.142857,0.076923,0.0,0.0,0.625,1,"[""Bieliny, Świętokrzyskie Voivodeship"", ""Cisów-Orłowiny Landscape Park"", ""Wilczyce, Świętokrzyskie Voivodeship"", ""Wojciechowice, Opatów County"", ""Obice"", ""Bieliny, Świętokrzyskie Voivodeship"", ""Cisów-Orłowiny Landscape Park"", ""Gmina Łubnice, Świętokrzyskie Voivodeship"", ""Gmina Waśniów"", ""Obice"", ""Bieliny, Świętokrzyskie Voivodeship"", ""Cisów-Orłowiny Landscape Park"", ""Wilczyce, Świętokrzyskie Voivodeship"", ""Obice"", ""Wojciechowice, Opatów County""]","[""Cisów-Orłowiny Landscape Park"", ""Bieliny, Świętokrzyskie Voivodeship""]",15,3,max_steps,False,stop,,primary,api=chat_completions,outputs/musique_ircot_sparse_random_seed520_20260523_100943_ircot_qwen-plus_tok1200_n100_random100_seed520_tok1200/runs/014_2hop__424908_500483
15,2hop__91626_96912,Who gives out the prize named after the author of The Wealth of Nations?,"[""University of Cambridge"", ""Cambridge""]",The University of Cambridge,1,1,1.0,1.0,1.0,1.0,1.0,1.0,1.0,0.0,1.0,1,"[""The Wealth of Nations"", ""Adam Smith Prize"", ""Sophie Prize"", ""Francis Ambrière"", ""Nobel Prize in Literature""]","[""Adam Smith Prize"", ""The Wealth of Nations""]",5,1,final_answer,False,stop,,primary,api=chat_completions,outputs/musique_ircot_sparse_random_seed520_20260523_100943_ircot_qwen-plus_tok1200_n100_random100_seed520_tok1200/runs/015_2hop__91626_96912
16,2hop__83800_747874,Who's the sibling of the player who won the men's wimbledon championship 2016?,"[""Jamie Murray""]",Jamie Murray,1,1,1.0,1.0,1.0,1.0,1.0,1.0,0.0,0.0,1.0,0,"[""Raatbek Sanatbayev"", ""1999 Wimbledon Championships – Men's Singles"", ""Storvreta IBK"", ""2017 Wimbledon Championships – Men's Singles"", ""Roger Federer"", ""2017 Wimbledon Championships – Men's Singles"", ""Storvreta IBK"", ""1999 Wimbledon Championships – Men's Singles"", ""Raatbek Sanatbayev"", ""2015 Wimbledon Championships""]","[""2011 Valencia Open 500 – Doubles"", ""2016 Wimbledon Championships""]",10,2,final_answer,False,stop,,primary,api=chat_completions,outputs/musique_ircot_sparse_random_seed520_20260523_100943_ircot_qwen-plus_tok1200_n100_random100_seed520_tok1200/runs/016_2hop__83800_747874
17,2hop__814856_110882,What is the Smile performer's birthday?,"[""1 January 1986""]","May 1, 1967",0,0,0.333333,0.333333,0.0,0.333333,0.333333,0.0,0.0,0.0,0.333333,0,"[""Just to See You Smile"", ""O Sorriso do Lagarto"", ""Madonna (entertainer)"", ""Giovanni Cifolelli"", ""Please Smile Again"", ""Just to See You Smile"", ""Madonna (entertainer)"", ""O Sorriso do Lagarto"", ""Spexy Beast"", ""Please Smile Again"", ""Just to See You Smile"", ""Madonna (entertainer)"", ""O Sorriso do Lagarto"", ""Spexy Beast"", ""Please Smile Again""]","[""James Cottriall"", ""Smile (James Cottriall song)""]",15,3,max_steps,False,stop,,primary,api=chat_completions,outputs/musique_ircot_sparse_random_seed520_20260523_100943_ircot_qwen-plus_tok1200_n100_random100_seed520_tok1200/runs/017_2hop__814856_110882
18,2hop__263728_705527,Who is the father of the father of Anwer Ali?,"[""Ahmad Shah Bahadur""]",Not specified in the given contexts,0,0,0.0,0.0,0.0,0.0,0.0,0.0,0.0,0.0,0.0,1,"[""Anwer Ali"", ""Cages"", ""Lucy Kennedy"", ""Ali Mitgutsch"", ""Infidel: My Life"", ""Qudsia Begum"", ""Anwer Ali"", ""Idries Shah"", ""Ali"", ""Helen Vlachos"", ""Qudsia Begum"", ""Anwer Ali"", ""Idries Shah"", ""Ali"", ""Helen Vlachos""]","[""Anwer Ali"", ""Qudsia Begum""]",15,3,max_steps,False,stop,,primary,api=chat_completions,outputs/musique_ircot_sparse_random_seed520_20260523_100943_ircot_qwen-plus_tok1200_n100_random100_seed520_tok1200/runs/018_2hop__263728_705527
19,2hop__88834_356793,Who is the father of Nim's actress in Return to Nim's Island?,"[""Steve Irwin"", ""The Crocodile Hunter""]",Steve Irwin,1,1,1.0,1.0,1.0,1.0,1.0,1.0,0.0,0.0,1.0,1,"[""Daddy's Home (film)"", ""Leonhard Seppala"", ""51st state"", ""A Child from the South"", ""Shin Kyeong-nim"", ""A Child from the South"", ""My Daddy, the Crocodile Hunter"", ""Daddy's Home (film)"", ""The Green Berets (film)"", ""Nigerian Institute of Management""]","[""Return to Nim's Island"", ""My Daddy, the Crocodile Hunter""]",10,2,final_answer,False,stop,,primary,api=chat_completions,outputs/musique_ircot_sparse_random_seed520_20260523_100943_ircot_qwen-plus_tok1200_n100_random100_seed520_tok1200/runs/019_2hop__88834_356793
20,2hop__13353_85402,What is the capitol of the country where the Prunus spinosa leaves much sooner?,"[""Brussels""]",Brussels,1,1,1.0,1.0,0.0,1.0,1.0,0.0,0.0,0.0,1.0,1,"[""Biodiversity"", ""Abuja"", ""Canton of Zürich"", ""Sooner or Later (Larry Graham song)"", ""Gujarat Legislative Assembly""]","[""Biodiversity"", ""Belgium""]",5,1,final_answer,False,stop,,primary,api=chat_completions,outputs/musique_ircot_sparse_random_seed520_20260523_100943_ircot_qwen-plus_tok1200_n100_random100_seed520_tok1200/runs/020_2hop__13353_85402
21,2hop__2148_78851,Which professional sports team does not play their home games at the same location where the Amateur Boxing Golden Gloves event is held?,"[""Brooklyn Nets NBA"", ""Brooklyn""]",Vermont Lady Voltage,0,0,0.0,0.0,0.0,0.0,0.0,0.0,0.0,0.0,0.0,1,"[""New York City"", ""Floyd Mayweather Jr."", ""Melbourne"", ""Vermont Lady Voltage"", ""Official game (baseball)"", ""New York City"", ""Melbourne"", ""Vermont Lady Voltage"", ""Baseball at the 1984 Summer Olympics"", ""Floyd Mayweather Jr.""]","[""New York City"", ""Sports in the New York metropolitan area""]",10,2,final_answer,False,stop,,primary,api=chat_completions,outputs/musique_ircot_sparse_random_seed520_20260523_100943_ircot_qwen-plus_tok1200_n100_random100_seed520_tok1200/runs/021_2hop__2148_78851
22,2hop__58168_38663,What was the percentage that the Dow Jones fell when the US had the highest unemployment rate?,"[""54.7%""]",22.61%,0,0,0.0,0.0,0.0,0.0,0.0,0.0,0.0,0.0,0.0,1,"[""Black Monday (1987)"", ""Black Monday (1987)"", ""Tanzania"", ""Copyright infringement"", ""Portugal""]","[""Tanzania"", ""Unemployment in the United States""]",5,1,final_answer,False,stop,,primary,api=chat_completions,outputs/musique_ircot_sparse_random_seed520_20260523_100943_ircot_qwen-plus_tok1200_n100_random100_seed520_tok1200/runs/022_2hop__58168_38663
23,2hop__58168_1783,Who was the mayor of New York during the time when the US had its highest unemployment rate?,"[""Fiorello La Guardia""]",O’Brien,0,0,0.0,0.0,0.0,0.0,0.0,0.0,0.0,0.0,0.0,1,"[""New York City"", ""New York City"", ""Full employment"", ""Howard B. Myers"", ""Unemployment in the United States""]","[""Unemployment in the United States"", ""New York City""]",5,1,final_answer,False,stop,,primary,api=chat_completions,outputs/musique_ircot_sparse_random_seed520_20260523_100943_ircot_qwen-plus_tok1200_n100_random100_seed520_tok1200/runs/023_2hop__58168_1783
24,2hop__752214_639679,Who is the spouse of the author of Queen of the Elephants?,"[""Clio Goldsmith""]",Not specified in the given contexts,0,0,0.0,0.0,0.0,0.0,0.0,0.0,0.0,0.0,0.0,1,"[""Dumbo"", ""Queen of the Elephants"", ""Diane Kunz"", ""Piper Kerman"", ""The Scarlet Letters"", ""Dumbo"", ""Queen of the Elephants"", ""Piper Kerman"", ""José and Pilar"", ""Daenerys Targaryen"", ""Dumbo"", ""Queen of the Elephants"", ""Piper Kerman"", ""José and Pilar"", ""Daenerys Targaryen""]","[""Queen of the Elephants"", ""Clio Goldsmith""]",15,3,max_steps,False,stop,,primary,api=chat_completions,outputs/musique_ircot_sparse_random_seed520_20260523_100943_ircot_qwen-plus_tok1200_n100_random100_seed520_tok1200/runs/024_2hop__752214_639679
25,2hop__265989_531490,Who is the mother of the screenwriter of WarGames?,"[""Jane Greer""]",The mother of the screenwriter of WarGames is not identified in the provided context,0,0,0.0,0.0,0.0,0.0,0.0,0.0,0.0,0.0,0.0,1,"[""WarGames"", ""Dungeons & Dragons"", ""Nina Companeez"", ""Eva Ionesco"", ""The Campaign for North Africa"", ""WarGames"", ""The Campaign for North Africa"", ""Rich Banner"", ""Nina Companeez"", ""Dungeons & Dragons"", ""WarGames"", ""Eva Ionesco"", ""The Campaign for North Africa"", ""Nina Companeez"", ""Kyan Khojandi""]","[""Lawrence Lasker"", ""WarGames""]",15,3,max_steps,False,stop,,primary,api=chat_completions,outputs/musique_ircot_sparse_random_seed520_20260523_100943_ircot_qwen-plus_tok1200_n100_random100_seed520_tok1200/runs/025_2hop__265989_531490
26,2hop__557284_160249,Which years did the war with Antigone's spouse occur?,"[""323–272 BC""]",Antigone had no spouse; there was no war with her spouse,0,0,0.0,0.0,0.0,0.0,0.0,0.0,0.0,0.0,0.0,1,"[""Civil disobedience"", ""June Brown"", ""Christel Khalil"", ""George Wickham"", ""Hieronymus of Cardia""]","[""Hieronymus of Cardia"", ""Ptolemy (son of Pyrrhus)""]",5,1,final_answer,False,stop,,primary,api=chat_completions,outputs/musique_ircot_sparse_random_seed520_20260523_100943_ircot_qwen-plus_tok1200_n100_random100_seed520_tok1200/runs/026_2hop__557284_160249
27,2hop__32887_235620,Who fathered Emperor Ai of the Chinese dynasty with the oldest remaining wooden buildings?,"[""Emperor Zhaozong of Tang"", ""Li Jie"", ""Li Ye""]",Emperor Zhaozong of Tang,1,1,1.0,1.0,1.0,1.0,1.0,1.0,1.0,1.0,1.0,1,"[""Han dynasty"", ""Princess Tuoba"", ""Empress He (Tang dynasty)"", ""Dagenham idol"", ""Emperor Fei of Jin""]","[""Han dynasty"", ""Empress He (Tang dynasty)""]",5,1,final_answer,False,stop,,primary,api=chat_completions,outputs/musique_ircot_sparse_random_seed520_20260523_100943_ircot_qwen-plus_tok1200_n100_random100_seed520_tok1200/runs/027_2hop__32887_235620
28,2hop__72487_510545,Who is the spouse of the actor that plays vision in avengers age of ultron?,"[""Jennifer Connelly""]",Jennifer Connelly,1,1,1.0,1.0,1.0,1.0,1.0,1.0,0.0,0.0,1.0,1,"[""Visual acuity"", ""Avengers: Age of Ultron"", ""Paul Bettany"", ""Christel Khalil"", ""Avengers: Infinity War"", ""A Beautiful Mind (soundtrack)"", ""Paul Bettany"", ""Christel Khalil"", ""Jeremy Staat"", ""Avengers: Age of Ultron"", ""A Beautiful Mind (soundtrack)"", ""Paul Bettany"", ""Christel Khalil"", ""Jeremy Staat"", ""Avengers: Age of Ultron""]","[""A Beautiful Mind (soundtrack)"", ""Paul Bettany""]",15,3,final_answer,False,stop,,primary,api=chat_completions,outputs/musique_ircot_sparse_random_seed520_20260523_100943_ircot_qwen-plus_tok1200_n100_random100_seed520_tok1200/runs/028_2hop__72487_510545
29,2hop__442175_56873,When did the team that Jamie Ward is a member of win the FA Cup?,"[""1898 and 1959""]",Never,0,0,0.0,0.0,0.0,0.0,0.0,0.0,0.0,0.0,0.0,1,"[""Jamie Ward"", ""FC Barcelona"", ""Newcastle United F.C."", ""John Terry"", ""Everton F.C.""]","[""Jamie Ward"", ""Nottingham Forest F.C.""]",5,1,final_answer,False,stop,,primary,api=chat_completions,outputs/musique_ircot_sparse_random_seed520_20260523_100943_ircot_qwen-plus_tok1200_n100_random100_seed520_tok1200/runs/029_2hop__442175_56873
30,2hop__96177_62765,Who did the star of Dark Hazard play in The Ten Commandments?,"[""Dathan""]",Humphrey Bogart did not appear in *The Ten Commandments*,0,0,0.0,0.0,0.0,0.0,0.0,0.0,0.0,0.0,0.0,1,"[""Christopher Pike (Star Trek)"", ""The Ten Commandments (1956 film)"", ""The Ten Commandments (1923 film)"", ""Guy Williams (actor)"", ""Honour thy father and thy mother"", ""The Ten Commandments (1923 film)"", ""Dark Victory"", ""The Ten Commandments (1956 film)"", ""Christopher Pike (Star Trek)"", ""Honour thy father and thy mother""]","[""Dark Hazard"", ""The Ten Commandments (1956 film)""]",10,2,final_answer,False,stop,,primary,api=chat_completions,outputs/musique_ircot_sparse_random_seed520_20260523_100943_ircot_qwen-plus_tok1200_n100_random100_seed520_tok1200/runs/030_2hop__96177_62765
31,2hop__21103_16334,"In a 2010 study, what modern population is most closely related to the group that represents the majority of modern Jewry?","[""modern-day Italians""]",Italians,0,1,0.5,0.5,0.0,0.5,0.135335,0.0,0.0,0.0,0.357143,1,"[""Ashkenazi Jews"", ""Anthropology"", ""Jews"", ""Harpactes"", ""The Bellarosa Connection""]","[""Jews"", ""Ashkenazi Jews""]",5,1,final_answer,False,stop,,primary,api=chat_completions,outputs/musique_ircot_sparse_random_seed520_20260523_100943_ircot_qwen-plus_tok1200_n100_random100_seed520_tok1200/runs/031_2hop__21103_16334
32,2hop__770487_494646,What administrative territorial entity contains the headquarters of the Mono Lake Committee?,"[""Mono County"", ""Mono County, California""]",Mono County,1,1,1.0,1.0,1.0,1.0,1.0,1.0,0.0,0.0,1.0,1,"[""Minsk Region"", ""Mono Lake Committee"", ""Crowley Lake"", ""Pangi Territory"", ""Alamnagar""]","[""Lee Vining, California"", ""Mono Lake Committee""]",5,1,final_answer,False,stop,,primary,api=chat_completions,outputs/musique_ircot_sparse_random_seed520_20260523_100943_ircot_qwen-plus_tok1200_n100_random100_seed520_tok1200/runs/032_2hop__770487_494646
33,2hop__95172_152907,What city is the actress in Signora Enrica from?,"[""La Goulette"", ""Tunis"", ""Rome""]","La Goulette (a neighborhood of Tunis, Tunisia)",0,1,0.5,0.5,0.333333,0.5,0.333333,0.2,0.0,0.0,0.833333,1,"[""Signora Enrica"", ""Peppino e la vecchia signora"", ""Le foto proibite di una signora per bene"", ""The Balloon Farm"", ""Bellver Castle"", ""Signora Enrica"", ""Claudia Cardinale"", ""The Balloon Farm"", ""Fred Schwengel Memorial Bridge"", ""Bellver Castle""]","[""Claudia Cardinale"", ""Signora Enrica""]",10,2,final_answer,False,stop,,primary,api=chat_completions,outputs/musique_ircot_sparse_random_seed520_20260523_100943_ircot_qwen-plus_tok1200_n100_random100_seed520_tok1200/runs/033_2hop__95172_152907
34,2hop__449673_91104,What is the experimental satellite which was the forerunner to the communication satellite of the operator of the RESOURCESAT-2 called?,"[""ATS - 6 (Applications Technology Satellite - 6)"", ""ATS-6""]",ATS-6,1,1,1.0,1.0,1.0,1.0,1.0,1.0,0.0,0.0,1.0,1,"[""Resourcesat-2"", ""BeiDou"", ""ATS-6"", ""TDRS-6"", ""BeiDou""]","[""ATS-6"", ""Resourcesat-2""]",5,1,final_answer,False,stop,,primary,api=chat_completions,outputs/musique_ircot_sparse_random_seed520_20260523_100943_ircot_qwen-plus_tok1200_n100_random100_seed520_tok1200/runs/034_2hop__449673_91104
35,2hop__61143_165532,Who is the spouse of the actor who played hannibal smith in the a team?,"[""Sherry Boucher""]",Elizabeth Ashley,0,0,0.0,0.0,0.0,0.0,0.0,0.0,0.0,0.0,0.0,1,"[""Tuppy Owen-Smith"", ""Tanisha Smith"", ""Rod Smith (wide receiver)"", ""Gaspard Ulliel"", ""John \""Hannibal\"" Smith"", ""Five Days from Home"", ""John \""Hannibal\"" Smith"", ""Piper Kerman"", ""Joy Harmon""]","[""Five Days from Home"", ""John \""Hannibal\"" Smith""]",9,2,final_answer,False,stop,,primary,api=chat_completions,outputs/musique_ircot_sparse_random_seed520_20260523_100943_ircot_qwen-plus_tok1200_n100_random100_seed520_tok1200/runs/035_2hop__61143_165532
36,2hop__511296_2684,What was the name of the law passed by the actor from Terminator?,"[""\""Donda West Law\""""]",None — Arnold Schwarzenegger did not pass any of the laws mentioned in the context,0,0,0.0,0.0,0.0,0.0,0.0,0.0,0.0,0.0,0.0,1,"[""Terminator (character)"", ""Memorial Day"", ""In the Name of the Law (1932 film)"", ""Housing and Community Development Act of 1974"", ""Mawson Peninsula""]","[""Kanye West"", ""Terminator (character)""]",5,1,final_answer,False,stop,,primary,api=chat_completions,outputs/musique_ircot_sparse_random_seed520_20260523_100943_ircot_qwen-plus_tok1200_n100_random100_seed520_tok1200/runs/036_2hop__511296_2684
37,2hop__132472_684936,The company making ALARM follows which company?,"[""BAC""]",Cannot be determined from given contexts,0,0,0.0,0.0,0.0,0.0,0.0,0.0,0.0,0.0,0.0,0,"[""Amblimation"", ""Beer"", ""East India Company"", ""Tianjin Port (Group) Company"", ""Saint Helena"", ""Amblimation"", ""The Alarm (film)"", ""Beer"", ""Night Alarm"", ""Colt Python""]","[""Sea Wolf (missile)"", ""ALARM""]",10,2,final_answer,False,stop,,primary,api=chat_completions,outputs/musique_ircot_sparse_random_seed520_20260523_100943_ircot_qwen-plus_tok1200_n100_random100_seed520_tok1200/runs/037_2hop__132472_684936
38,2hop__78873_461854,Who is the female star in Gone with the Wind married to?,"[""Laurence Olivier""]",She was previously married to Herbert Leigh Holman (1932–1939),0,0,0.0,0.0,0.0,0.0,0.0,0.0,0.0,0.0,0.0,1,"[""Gone with the Wind (film)"", ""21 Days"", ""Lone Star Wind Farm"", ""Loew's Grand Theatre"", ""The Wizard of Oz (1939 film)"", ""Gone with the Wind (film)"", ""Darlings of the Gods"", ""Frankly, my dear, I don't give a damn"", ""21 Days"", ""Loew's Grand Theatre""]","[""Gone with the Wind (film)"", ""Darlings of the Gods""]",10,2,final_answer,False,stop,,primary,api=chat_completions,outputs/musique_ircot_sparse_random_seed520_20260523_100943_ircot_qwen-plus_tok1200_n100_random100_seed520_tok1200/runs/038_2hop__78873_461854
39,2hop__66167_72467,Where did the player who scored the most points in a NBA season go in the NBA Draft?,"[""Seattle SuperSonics"", ""Sonics""]",Not specified in the provided context,0,0,0.0,0.0,0.0,0.0,0.0,0.0,0.0,0.0,0.0,1,"[""List of National Basketball Association annual scoring leaders"", ""Wardell Jackson"", ""Albert Burditt"", ""List of National Basketball Association annual scoring leaders"", ""Jim Farmer"", ""List of National Basketball Association annual scoring leaders"", ""2007 NBA draft"", ""NBA high school draftees"", ""Albert Burditt"", ""Jim Farmer"", ""List of National Basketball Association annual scoring leaders"", ""2007 NBA draft"", ""Frank Kudelka"", ""NBA high school draftees"", ""Dwyane Wade""]","[""List of National Basketball Association annual scoring leaders"", ""2007 NBA draft""]",15,3,max_steps,False,stop,,primary,api=chat_completions,outputs/musique_ircot_sparse_random_seed520_20260523_100943_ircot_qwen-plus_tok1200_n100_random100_seed520_tok1200/runs/039_2hop__66167_72467
40,2hop__161872_21567,Who in the14th century introduced musical notation used where Jack later participated in a covert mission?,"[""John Kukuzelis""]",John Kukuzelis,1,1,1.0,1.0,1.0,1.0,1.0,1.0,0.0,0.0,1.0,1,"[""24 (TV series)"", ""Late Middle Ages"", ""Classical music"", ""A Good Day to Die Hard"", ""Classical music""]","[""Late Middle Ages"", ""24 (TV series)""]",5,1,final_answer,False,stop,,primary,api=chat_completions,outputs/musique_ircot_sparse_random_seed520_20260523_100943_ircot_qwen-plus_tok1200_n100_random100_seed520_tok1200/runs/040_2hop__161872_21567
41,2hop__24976_25002,how long lasting was the pact between Kravchuk and the person organizers wanted to arrest?,"[""10-year""]",10 years,0,1,0.5,0.5,0.0,0.5,0.5,0.0,0.0,0.0,0.5,1,"[""Molotov–Ribbentrop Pact"", ""Dissolution of the Soviet Union"", ""Dissolution of the Soviet Union"", ""Umayyad Caliphate"", ""Central Intelligence Agency""]","[""Dissolution of the Soviet Union""]",5,1,final_answer,False,stop,,primary,api=chat_completions,outputs/musique_ircot_sparse_random_seed520_20260523_100943_ircot_qwen-plus_tok1200_n100_random100_seed520_tok1200/runs/041_2hop__24976_25002
42,2hop__719184_55227,Who plays the wife of the producer of Here Comes the Boom in Grown Ups?,"[""Maria Bello""]",Salma Hayek,0,0,0.0,0.0,0.0,0.0,0.0,0.0,0.0,0.0,0.0,1,"[""Here Comes the Boom"", ""Top Hat"", ""Boom Boom (John Lee Hooker song)"", ""Sonny & Cher"", ""Sylvia Fine""]","[""Grown Ups (film)"", ""Here Comes the Boom""]",5,1,final_answer,False,stop,,primary,api=chat_completions,outputs/musique_ircot_sparse_random_seed520_20260523_100943_ircot_qwen-plus_tok1200_n100_random100_seed520_tok1200/runs/042_2hop__719184_55227
43,2hop__476927_31270,How far is Hod Lisenbee's place of death in TN from Nashville?,"[""45""]",Unknown,0,0,0.0,0.0,0.0,0.0,0.0,0.0,0.0,0.0,0.0,1,"[""Mount Miller"", ""Hod Lisenbee"", ""Nashville metropolitan area"", ""Tennessee"", ""Middle Valley, Tennessee"", ""Hod Lisenbee"", ""Middle Valley, Tennessee"", ""Colonial Heights, Tennessee"", ""Prix de l'Arc de Triomphe"", ""Mount Miller"", ""Hod Lisenbee"", ""Middle Valley, Tennessee"", ""Colonial Heights, Tennessee"", ""Prix de l'Arc de Triomphe"", ""Mount Miller""]","[""Tennessee"", ""Hod Lisenbee""]",15,3,max_steps,False,stop,,primary,api=chat_completions,outputs/musique_ircot_sparse_random_seed520_20260523_100943_ircot_qwen-plus_tok1200_n100_random100_seed520_tok1200/runs/043_2hop__476927_31270
44,2hop__511176_22458,What does the acronym of the organization Danish Football Union is part of stand for?,"[""International Federation of Association Football"", ""FIFA""]",Not enough information,0,0,0.0,0.0,0.0,0.0,0.0,0.0,0.0,0.0,0.0,0,"[""Rhyl and District RFC"", ""Late Middle Ages"", ""2011 Latvian presidential election"", ""Stockholm"", ""Peter Møller"", ""Rhyl and District RFC"", ""Late Middle Ages"", ""2011 Latvian presidential election"", ""Stockholm"", ""Randers FC"", ""Rhyl and District RFC"", ""Rasmus Helveg Petersen"", ""2011 Latvian presidential election"", ""Late Middle Ages"", ""Stockholm""]","[""Switzerland"", ""Denmark national futsal team""]",15,3,max_steps,False,stop,,primary,api=chat_completions,outputs/musique_ircot_sparse_random_seed520_20260523_100943_ircot_qwen-plus_tok1200_n100_random100_seed520_tok1200/runs/044_2hop__511176_22458
45,2hop__279729_20057,Who founded what Robert J Chassell is a member of?,"[""Richard Stallman""]",Chassell co-founded the Free Software Foundation,0,0,0.0,0.0,0.0,0.0,0.0,0.0,0.0,0.0,0.0,1,"[""Robert Martin (New Jersey politician)"", ""Robert J. Chassell"", ""J. Craig Gordon"", ""List of Alfalfa Club members"", ""Robert J. McGeehan""]","[""Intellectual property"", ""Robert J. Chassell""]",5,1,final_answer,False,stop,,primary,api=chat_completions,outputs/musique_ircot_sparse_random_seed520_20260523_100943_ircot_qwen-plus_tok1200_n100_random100_seed520_tok1200/runs/045_2hop__279729_20057
46,3hop1__145411_443779_52195,Who is the president of the newly declared independent country that is part of the Commission of Truth and Friendship with the country where Sumardi was born?,"[""Francisco Guterres""]",José Ramos-Horta,0,0,0.0,0.0,0.0,0.0,0.0,0.0,0.0,0.0,0.0,1,"[""Indonesia–Timor Leste Commission of Truth and Friendship"", ""Kenya"", ""The Trouble with the Truth (song)"", ""Sumardi"", ""Philadelphia""]","[""Indonesia–Timor Leste Commission of Truth and Friendship"", ""Sumardi"", ""East Timor""]",5,1,final_answer,False,stop,,primary,api=chat_completions,outputs/musique_ircot_sparse_random_seed520_20260523_100943_ircot_qwen-plus_tok1200_n100_random100_seed520_tok1200/runs/046_3hop1__145411_443779_52195
47,3hop1__488744_443779_52195,Who is the president of the newly declared independent country that is part of the Commission of Truth and Friendship with the country where Jenggawah is located?,"[""Francisco Guterres""]",Xanana Gusmão,0,0,0.0,0.0,0.0,0.0,0.0,0.0,0.0,0.0,0.0,1,"[""Kenya"", ""Indonesia–Timor Leste Commission of Truth and Friendship"", ""The Trouble with the Truth (song)"", ""Philadelphia"", ""Jenggawah, Jember""]","[""Indonesia–Timor Leste Commission of Truth and Friendship"", ""Jenggawah, Jember"", ""East Timor""]",5,1,final_answer,False,stop,,primary,api=chat_completions,outputs/musique_ircot_sparse_random_seed520_20260523_100943_ircot_qwen-plus_tok1200_n100_random100_seed520_tok1200/runs/047_3hop1__488744_443779_52195
48,3hop1__53690_161697_49779,Who was a host of Who Wants to be a Millionaire who shares the same nationality as the author of The Feminine Mystique?,"[""Chris Harrison""]",Chris Harrison,1,1,1.0,1.0,1.0,1.0,1.0,1.0,0.0,0.0,1.0,0,"[""Chris Harrison"", ""Who Wants to Be a Millionaire?"", ""Judith Keppel"", ""La Ferme Célébrités"", ""Uncanny Alliance""]","[""Betty Friedan"", ""Who Wants to Be a Millionaire (American game show)"", ""The Feminine Mystique""]",5,1,final_answer,False,stop,,primary,api=chat_completions,outputs/musique_ircot_sparse_random_seed520_20260523_100943_ircot_qwen-plus_tok1200_n100_random100_seed520_tok1200/runs/048_3hop1__53690_161697_49779
49,3hop1__469478_15840_36002,What were the Genesis's advantages over the platform that plays Sunman?,"[""built on 16-bit architectures and offered improved graphics and sound"", ""16-bit"", ""16-bit architecture""]",marketing presence,0,0,0.0,0.0,0.0,0.0,0.0,0.0,0.0,0.0,0.0,1,"[""Xbox 360"", ""KDE Platform 4"", ""Super Nintendo Entertainment System"", ""Super Nintendo Entertainment System"", ""Sunman (video game)""]","[""Nintendo Entertainment System"", ""Super Nintendo Entertainment System"", ""Sunman (video game)""]",5,1,final_answer,False,stop,,primary,api=chat_completions,outputs/musique_ircot_sparse_random_seed520_20260523_100943_ircot_qwen-plus_tok1200_n100_random100_seed520_tok1200/runs/049_3hop1__469478_15840_36002
50,3hop1__765847_831637_91775,What does SEAL stand for in the branch of military that operates USS Mahan?,"[""Sea, Air, and Land""]","Sea, Air, and Land",1,1,1.0,1.0,1.0,1.0,1.0,1.0,1.0,1.0,1.0,1,"[""Rudy Boesch"", ""USS Mahan (DDG-42)"", ""United States Navy SEALs"", ""Seal Online"", ""HMS Seal (1897)""]","[""USS Mahan (DDG-42)"", ""List of destroyer classes of the United States Navy"", ""United States Navy SEALs""]",5,1,final_answer,False,stop,,primary,api=chat_completions,outputs/musique_ircot_sparse_random_seed520_20260523_100943_ircot_qwen-plus_tok1200_n100_random100_seed520_tok1200/runs/050_3hop1__765847_831637_91775
51,3hop1__816887_127905_80286,Who has the most hits in the league of the team that Dick Aylward plays for?,"[""Pete Rose""]",Ty Cobb,0,0,0.0,0.0,0.0,0.0,0.0,0.0,0.0,0.0,0.0,1,"[""List of Major League Baseball career hits leaders"", ""Carl Zoll"", ""Dick Aylward"", ""New Haven, Connecticut"", ""List of Major League Baseball longest winning streaks"", ""List of Major League Baseball career hits leaders"", ""Dick Aylward"", ""Wes Schulmerich"", ""Carl Zoll"", ""Cleveland Indians"", ""List of Major League Baseball career hits leaders"", ""Wes Schulmerich"", ""Al Michaels (American football)"", ""Dick Aylward"", ""Cleveland Indians""]","[""Dick Aylward"", ""List of Major League Baseball career hits leaders"", ""Cleveland Indians""]",15,3,final_answer,False,stop,,primary,api=chat_completions,outputs/musique_ircot_sparse_random_seed520_20260523_100943_ircot_qwen-plus_tok1200_n100_random100_seed520_tok1200/runs/051_3hop1__816887_127905_80286
52,3hop1__617062_127905_46894,Who has the lowest batting average in the league that Jim Wilson's team plays for?,"[""Bill Bergen""]",Insufficient information,0,0,0.0,0.0,0.0,0.0,0.0,0.0,0.0,0.0,0.0,1,"[""Batting average"", ""Batting average"", ""West Dallas Kings"", ""FA Cup"", ""2017–18 FA Cup"", ""West Dallas Kings"", ""Joe Caffie"", ""Batting average"", ""Stan Pawloski"", ""Jim Wilson (first baseman)"", ""Batting average"", ""Batting average"", ""Brandon Phillips"", ""Stan Pawloski"", ""Branch Rickey""]","[""Batting average"", ""Cleveland Indians"", ""Jim Wilson (first baseman)""]",15,3,max_steps,False,stop,,primary,api=chat_completions,outputs/musique_ircot_sparse_random_seed520_20260523_100943_ircot_qwen-plus_tok1200_n100_random100_seed520_tok1200/runs/052_3hop1__617062_127905_46894
53,3hop1__92991_78276_68042,When did the majority party in the body which determines the rules of the US House and US Senate gain control of the House?,"[""the 2010 election""]",1931,0,0,0.0,0.0,0.0,0.0,0.0,0.0,0.0,0.0,0.0,1,"[""Party leaders of the United States House of Representatives"", ""2008 United States Senate elections"", ""Party leaders of the United States Senate"", ""National Assembly of Pakistan"", ""Montana""]","[""2010 United States House of Representatives elections"", ""Party leaders of the United States Senate"", ""Standing Rules of the United States Senate""]",5,1,final_answer,False,stop,,primary,api=chat_completions,outputs/musique_ircot_sparse_random_seed520_20260523_100943_ircot_qwen-plus_tok1200_n100_random100_seed520_tok1200/runs/053_3hop1__92991_78276_68042
54,3hop1__379231_40769_64047,When did the luxury division of the manufacturer change the body style of RX 350?,"[""Sales began worldwide in April 2012""]",March 2012,0,1,0.25,0.25,0.0,0.25,0.067668,0.0,0.0,0.0,0.178571,1,"[""Lexus RX"", ""Bristol 403"", ""Mandolin"", ""Kawasaki MULE"", ""Bristol 406""]","[""Scion xD"", ""Lexus RX"", ""1973 oil crisis""]",5,1,final_answer,False,stop,,primary,api=chat_completions,outputs/musique_ircot_sparse_random_seed520_20260523_100943_ircot_qwen-plus_tok1200_n100_random100_seed520_tok1200/runs/054_3hop1__379231_40769_64047
55,3hop2__132957_295815_40768,"When did the maker of the Acura Legend, the manufacturer of Toyopet Master, and Nissan open US assembly plants?","[""1981""]",By the early 1980s,0,0,0.0,0.0,0.0,0.0,0.0,0.0,0.0,0.0,0.0,1,"[""Toyota"", ""Toyota"", ""1973 oil crisis"", ""Seattle"", ""Toyopet Master""]","[""1973 oil crisis"", ""Acura Legend"", ""Toyopet Master""]",5,1,final_answer,False,stop,,primary,api=chat_completions,outputs/musique_ircot_sparse_random_seed520_20260523_100943_ircot_qwen-plus_tok1200_n100_random100_seed520_tok1200/runs/055_3hop2__132957_295815_40768
56,3hop1__140554_2053_5289,"What label was bought by the company which, along with ABC and the network which hosts Westinghouse Playhouse, is the other major broadcaster based in NY?","[""Oriole Records."", ""Oriole Records""]",Oriole Records,1,1,1.0,1.0,1.0,1.0,1.0,1.0,0.0,0.0,1.0,1,"[""Cannonball Run 2001"", ""Westinghouse Playhouse"", ""Sony Music"", ""Steve Stewart"", ""The Million Dollar Drop""]","[""New York City"", ""Westinghouse Playhouse"", ""Sony Music""]",5,1,final_answer,False,stop,,primary,api=chat_completions,outputs/musique_ircot_sparse_random_seed520_20260523_100943_ircot_qwen-plus_tok1200_n100_random100_seed520_tok1200/runs/056_3hop1__140554_2053_5289
57,3hop2__792915_223623_162182,In what region of the country containing the Cái River is the place where John Phan was born?,"[""South Central Coast""]",Central Vietnam,0,0,0.4,0.4,0.0,0.4,0.303265,0.0,0.0,0.0,0.344828,1,"[""John Phan"", ""Cơm rượu"", ""Cái River"", ""Tranquille River"", ""Mueang Phan""]","[""John Phan"", ""South Central Coast"", ""Cái River""]",5,1,final_answer,False,stop,,primary,api=chat_completions,outputs/musique_ircot_sparse_random_seed520_20260523_100943_ircot_qwen-plus_tok1200_n100_random100_seed520_tok1200/runs/057_3hop2__792915_223623_162182
58,3hop1__106239_650651_7262,Who was a prominent figure at the radio division of the broadcast company that created the version of The Biggest Loser set in the country where Kelupis originated?,"[""Walter Sabo""]",Not specified in the provided contexts,0,0,0.0,0.0,0.0,0.0,0.0,0.0,0.0,0.0,0.0,1,"[""1976 FA Cup Final"", ""Johnny Dare"", ""Kelupis"", ""Newcastle United F.C."", ""Winners & Losers"", ""The Biggest Loser Brunei: Lose It All"", ""Johnny Dare"", ""Adult contemporary music"", ""1976 FA Cup Final"", ""Winners & Losers"", ""The Biggest Loser Brunei: Lose It All"", ""The Wire"", ""Winners & Losers"", ""The Biggest Loser (season 1)"", ""The Biggest Loser (season 5)""]","[""Adult contemporary music"", ""Kelupis"", ""The Biggest Loser Brunei: Lose It All""]",15,3,max_steps,False,stop,,primary,api=chat_completions,outputs/musique_ircot_sparse_random_seed520_20260523_100943_ircot_qwen-plus_tok1200_n100_random100_seed520_tok1200/runs/058_3hop1__106239_650651_7262
59,3hop1__131783_131926_13165,What treaty ceded territory to the US extending west to the body of water by the location of the Minikahda Club?,"[""Treaty of Paris""]",The Louisiana Purchase Treaty of 1803,0,0,0.5,0.5,0.333333,0.5,0.4,0.25,0.0,0.0,0.625,1,"[""The Minikahda Club"", ""Silver Lake (Madison, New Hampshire)"", ""Elliott Bay"", ""Territorial waters"", ""Vatican City""]","[""Military history of the United States"", ""The Minikahda Club"", ""Minneapolis""]",5,1,final_answer,False,stop,,primary,api=chat_completions,outputs/musique_ircot_sparse_random_seed520_20260523_100943_ircot_qwen-plus_tok1200_n100_random100_seed520_tok1200/runs/059_3hop1__131783_131926_13165
60,3hop1__103197_214799_259594,What country gas the border troops of the country of the literature of the country of Andreas Zülow's citizenship?,"[""GDR"", ""German Democratic Republic"", ""East Germany""]",East Germany,1,1,1.0,1.0,1.0,1.0,1.0,1.0,0.0,0.0,1.0,1,"[""Andreas Zülow"", ""Literature of East Germany"", ""Canada"", ""Spain"", ""Cascade City""]","[""Literature of East Germany"", ""Andreas Zülow"", ""Heinz-Josef Große""]",5,1,final_answer,False,stop,,primary,api=chat_completions,outputs/musique_ircot_sparse_random_seed520_20260523_100943_ircot_qwen-plus_tok1200_n100_random100_seed520_tok1200/runs/060_3hop1__103197_214799_259594
61,3hop1__398232_326948_59893,When were the monuments built in the Mother-in-Law performer's birthplace?,"[""1884,""]",1884,1,1,1.0,1.0,0.0,1.0,1.0,0.0,0.0,0.0,1.0,1,"[""Mother-in-Law (song)"", ""Yang Meng"", ""Colosseum"", ""The Prince of Egypt"", ""Mother-in-Law Lounge"", ""Mother-in-Law Lounge"", ""Yang Meng"", ""Lincoln Memorial"", ""Colosseum"", ""Robert E. Lee Monument (New Orleans, Louisiana)"", ""Mother-in-Law Lounge"", ""Mother-in-Law (song)"", ""Isabel Roberts House"", ""Robert E. Lee Monument (New Orleans, Louisiana)"", ""Fundamental Rights, Directive Principles and Fundamental Duties of India""]","[""Mother-in-Law (song)"", ""Mother-in-Law Lounge"", ""Robert E. Lee Monument (New Orleans, Louisiana)""]",15,3,final_answer,False,stop,,primary,api=chat_completions,outputs/musique_ircot_sparse_random_seed520_20260523_100943_ircot_qwen-plus_tok1200_n100_random100_seed520_tok1200/runs/061_3hop1__398232_326948_59893
62,3hop1__398232_326948_10972,When did the place of birth of the performer of Mother-in-Law elect its first black Mayor?,"[""1970s""]",1970s,1,1,1.0,1.0,0.0,1.0,1.0,0.0,0.0,0.0,1.0,1,"[""Black people"", ""List of mayors of Willoughby"", ""Childbirth"", ""Detroit"", ""Affirmative action in the United States""]","[""Black people"", ""Mother-in-Law Lounge"", ""Mother-in-Law (song)""]",5,1,final_answer,False,stop,,primary,api=chat_completions,outputs/musique_ircot_sparse_random_seed520_20260523_100943_ircot_qwen-plus_tok1200_n100_random100_seed520_tok1200/runs/062_3hop1__398232_326948_10972
63,3hop1__765565_326948_10972,When did the birthplace of the Here Come the Girls performer elect its first black mayor?,"[""1970s""]",1977,0,0,0.0,0.0,0.0,0.0,0.0,0.0,0.0,0.0,0.0,1,"[""Here Come the Girls (song)"", ""Black people"", ""Caucasia (novel)"", ""List of mayors of Willoughby"", ""Detroit"", ""Black people"", ""List of mayors of Willoughby"", ""Mother-in-Law Lounge"", ""Detroit"", ""2017 Atlantic City mayoral election"", ""Black people"", ""List of mayors of Willoughby"", ""Mother-in-Law Lounge"", ""Detroit"", ""2017 Atlantic City mayoral election""]","[""Black people"", ""Mother-in-Law Lounge"", ""Here Come the Girls (song)""]",15,3,max_steps,False,stop,,primary,api=chat_completions,outputs/musique_ircot_sparse_random_seed520_20260523_100943_ircot_qwen-plus_tok1200_n100_random100_seed520_tok1200/runs/063_3hop1__765565_326948_10972
64,3hop1__857_846_7794,"In 2010, what was the population of the city where the Yongle emperor greeted the person to whom the edict was addressed?","[""8.005 million""]",8.005 million,1,1,1.0,1.0,1.0,1.0,1.0,1.0,1.0,0.0,1.0,1,"[""Nanjing"", ""Bloomingdale, Florida"", ""Heresy"", ""Linndale, Ohio"", ""Samurai""]","[""Sino-Tibetan relations during the Ming dynasty"", ""Nanjing""]",5,1,final_answer,False,stop,,primary,api=chat_completions,outputs/musique_ircot_sparse_random_seed520_20260523_100943_ircot_qwen-plus_tok1200_n100_random100_seed520_tok1200/runs/064_3hop1__857_846_7794
65,3hop1__857_846_7887,How many tourists does visit annually the city where the Yongle Emperor greeted the one seen addressed on an preserved edict.,"[""thousands""]",thousands,1,1,1.0,1.0,0.0,1.0,1.0,0.0,0.0,0.0,1.0,1,"[""Nanjing"", ""Nanjing"", ""Sino-Tibetan relations during the Ming dynasty"", ""Sino-Tibetan relations during the Ming dynasty"", ""Sino-Tibetan relations during the Ming dynasty"", ""Nanjing"", ""Heresy"", ""Sino-Tibetan relations during the Ming dynasty"", ""Sino-Tibetan relations during the Ming dynasty"", ""Sino-Tibetan relations during the Ming dynasty""]","[""Sino-Tibetan relations during the Ming dynasty"", ""Nanjing""]",10,2,final_answer,False,stop,,primary,api=chat_completions,outputs/musique_ircot_sparse_random_seed520_20260523_100943_ircot_qwen-plus_tok1200_n100_random100_seed520_tok1200/runs/065_3hop1__857_846_7887
66,3hop1__857_846_7752,Who moved the capitol from the city where the Yongle emperor greeted the person to whom the edict was addressed to Beijing?,"[""Yuan Shikai""]",Yongle Emperor,0,0,0.0,0.0,0.0,0.0,0.0,0.0,0.0,0.0,0.0,1,"[""History of Beijing"", ""Nanjing"", ""Meiji (era)"", ""Sino-Tibetan relations during the Ming dynasty"", ""Heresy""]","[""Sino-Tibetan relations during the Ming dynasty"", ""Nanjing""]",5,1,final_answer,False,stop,,primary,api=chat_completions,outputs/musique_ircot_sparse_random_seed520_20260523_100943_ircot_qwen-plus_tok1200_n100_random100_seed520_tok1200/runs/066_3hop1__857_846_7752
67,3hop1__446612_160545_62931,Where was the film The Beach filmed in the country where Ercole Manfredi died?,"[""island Koh Phi Phi""]","Ko Phi Phi Leh, Thailand",0,0,0.444444,0.444444,0.285714,0.444444,0.4,0.25,0.0,0.0,0.487805,1,"[""The Choice (2016 film)"", ""Grease (film)"", ""Le pillole di Ercole"", ""Lost (TV series)"", ""Ercole Manfredi""]","[""Ercole Manfredi"", ""Bang Bon District"", ""The Beach (film)""]",5,1,final_answer,False,stop,,primary,api=chat_completions,outputs/musique_ircot_sparse_random_seed520_20260523_100943_ircot_qwen-plus_tok1200_n100_random100_seed520_tok1200/runs/067_3hop1__446612_160545_62931
68,3hop2__326964_851134_7713,How long had Pfrang Association's headquarters location been the capitol city of Yaxing Coach's headquarters location?,"[""about 400 years""]",0 years,0,1,0.4,0.4,0.0,0.4,0.303265,0.0,0.0,0.0,0.344828,1,"[""Yaxing Coach"", ""Pfrang Association"", ""Place du Colonel Fabien"", ""Love Around"", ""Buckingham Palace""]","[""Nanjing"", ""Pfrang Association"", ""Yaxing Coach""]",5,1,final_answer,False,stop,,primary,api=chat_completions,outputs/musique_ircot_sparse_random_seed520_20260523_100943_ircot_qwen-plus_tok1200_n100_random100_seed520_tok1200/runs/068_3hop2__326964_851134_7713
69,3hop1__527372_339990_54675,"What mountains can you see from Portland, in the state with the county that contains Fester Hollow?","[""Tualatin Mountains""]",Hood,0,0,0.0,0.0,0.0,0.0,0.0,0.0,0.0,0.0,0.0,1,"[""Fester Hollow"", ""Portland, Oregon"", ""Federalism"", ""Socialist Party of Oregon (Columbia County, Oregon)"", ""Australia""]","[""Portland, Oregon"", ""Fester Hollow"", ""Socialist Party of Oregon (Columbia County, Oregon)""]",5,1,final_answer,False,stop,,primary,api=chat_completions,outputs/musique_ircot_sparse_random_seed520_20260523_100943_ircot_qwen-plus_tok1200_n100_random100_seed520_tok1200/runs/069_3hop1__527372_339990_54675
70,3hop1__491648_339990_15538,When did the state where Coles Creek is located reinstate the death penalty?,"[""1984""]",The provided documents do not specify when Pennsylvania reinstated the death penalty,0,0,0.0,0.0,0.0,0.0,0.0,0.0,0.0,0.0,0.0,1,"[""Coles Creek (Pennsylvania)"", ""Capital punishment in the United States"", ""List of territorial entities where English is an official language"", ""Texas–Indian wars"", ""States of Nigeria"", ""Capital punishment in the United States"", ""Coles Creek (Pennsylvania)"", ""Minsk Region"", ""Krasnovishersky District"", ""Pangi Territory"", ""Coles Creek (Pennsylvania)"", ""States of Nigeria"", ""Australia"", ""Krasnovishersky District"", ""Pak Tam Chung""]","[""Socialist Party of Oregon (Columbia County, Oregon)"", ""Coles Creek (Pennsylvania)"", ""Capital punishment in the United States""]",15,3,max_steps,False,stop,,primary,api=chat_completions,outputs/musique_ircot_sparse_random_seed520_20260523_100943_ircot_qwen-plus_tok1200_n100_random100_seed520_tok1200/runs/070_3hop1__491648_339990_15538
71,3hop2__127483_19639_10557,What was the language Auctor comes from during the era of the king who united the tribes in the 9th century later known as?,"[""Medieval Latin""]",Latin,0,1,0.666667,0.666667,0.0,0.666667,0.367879,0.0,0.0,0.0,0.526316,1,"[""Germans"", ""Davidic line"", ""Himachal Pradesh"", ""Old English"", ""Erik Refilsson"", ""Germans"", ""Auctor"", ""Erik Refilsson"", ""Erik Björnsson"", ""Old English""]","[""Auctor"", ""Middle Ages"", ""Germans""]",10,2,final_answer,False,stop,,primary,api=chat_completions,outputs/musique_ircot_sparse_random_seed520_20260523_100943_ircot_qwen-plus_tok1200_n100_random100_seed520_tok1200/runs/071_3hop2__127483_19639_10557
72,3hop2__57186_89048_66294,who played who sang is she really going out with him in the who sang she's out of my life movie?,"[""Lawrence Hilton - Jacobs""]",No movie by that title exists,0,0,0.0,0.0,0.0,0.0,0.0,0.0,0.0,0.0,0.0,1,"[""Is She Really Going Out with Him?"", ""She's Out of My Life"", ""Park Sang-jin"", ""Park Seung-min"", ""Hermine Kittel""]","[""The Jacksons: An American Dream"", ""She's Out of My Life"", ""Is She Really Going Out with Him?""]",5,1,final_answer,False,stop,,primary,api=chat_completions,outputs/musique_ircot_sparse_random_seed520_20260523_100943_ircot_qwen-plus_tok1200_n100_random100_seed520_tok1200/runs/072_3hop2__57186_89048_66294
73,3hop2__89048_228_66294,Who played who sang is she really going out with him in the who influenced Beyonce movie?,"[""Lawrence Hilton - Jacobs""]","Joe Jackson sang ""Is She Really Going Out with Him?""; it is not connected to Beyoncé’s influences or any movie about them",0,0,0.0,0.0,0.0,0.0,0.0,0.0,0.0,0.0,0.0,1,"[""Is She Really Going Out with Him?"", ""Isgaard"", ""Park Sang-jin"", ""Beyoncé"", ""Hermine Kittel""]","[""Beyoncé"", ""Is She Really Going Out with Him?"", ""The Jacksons: An American Dream""]",5,1,final_answer,False,stop,,primary,api=chat_completions,outputs/musique_ircot_sparse_random_seed520_20260523_100943_ircot_qwen-plus_tok1200_n100_random100_seed520_tok1200/runs/073_3hop2__89048_228_66294
74,3hop1__773338_42197_18397,Where did the arguer that Yuri Bogatyryov's country of citizenship had become an imperialist power declare he would intervene in the Korean conflict?,"[""the Politburo"", ""Politburo""]",None of the provided sources state where the arguer declared intervention in the Korean conflict,0,0,0.0,0.0,0.0,0.0,0.0,0.0,0.0,0.0,0.0,1,"[""Imperialism"", ""Sophia (robot)"", ""American Civil War"", ""Yuri Bogatyryov"", ""John, King of England""]","[""Korean War"", ""Imperialism"", ""Yuri Bogatyryov""]",5,1,final_answer,False,stop,,primary,api=chat_completions,outputs/musique_ircot_sparse_random_seed520_20260523_100943_ircot_qwen-plus_tok1200_n100_random100_seed520_tok1200/runs/074_3hop1__773338_42197_18397
75,3hop1__404541_629431_124169,When did the Governorship end of the city where the author of Paenitentiam Agere died?,"[""1952""]",1870,0,0,0.0,0.0,0.0,0.0,0.0,0.0,0.0,0.0,0.0,1,"[""Paenitentiam agere"", ""Census of Quirinius"", ""Yang Meng"", ""Song of Songs"", ""Jean-Michel Iribarren""]","[""Paenitentiam agere"", ""Canonization of Pope John XXIII and Pope John Paul II"", ""Governor of Vatican City""]",5,1,final_answer,False,stop,,primary,api=chat_completions,outputs/musique_ircot_sparse_random_seed520_20260523_100943_ircot_qwen-plus_tok1200_n100_random100_seed520_tok1200/runs/075_3hop1__404541_629431_124169
76,3hop1__813285_774554_124169,What year did the post end of Governor of the city where the author of Quadragesimo Anno died?,"[""1952""]",1952,1,1,1.0,1.0,0.0,1.0,1.0,0.0,0.0,0.0,1.0,1,"[""Governor of Vatican City"", ""Quadragesimo anno"", ""Census of Quirinius"", ""Chihuahua (state)"", ""Flag of Vatican City""]","[""Governor of Vatican City"", ""Quadragesimo anno"", ""Flag of Vatican City""]",5,1,final_answer,False,stop,,primary,api=chat_completions,outputs/musique_ircot_sparse_random_seed520_20260523_100943_ircot_qwen-plus_tok1200_n100_random100_seed520_tok1200/runs/076_3hop1__813285_774554_124169
77,3hop1__516535_834494_34099,How long are city council terms in the city located in the county that also contains Allen?,"[""four-year""]",Four years,0,1,0.5,0.5,0.0,0.5,0.5,0.0,0.0,0.0,0.5,1,"[""Allen, Arizona"", ""Tucson, Arizona"", ""Gmina Tarnów"", ""Tanzania"", ""Biłgoraj County""]","[""Pima County Natural Resources, Parks and Recreation"", ""Allen, Arizona"", ""Tucson, Arizona""]",5,1,final_answer,False,stop,,primary,api=chat_completions,outputs/musique_ircot_sparse_random_seed520_20260523_100943_ircot_qwen-plus_tok1200_n100_random100_seed520_tok1200/runs/077_3hop1__516535_834494_34099
78,4hop1__46196_497223_15840_36002,"What were the Genesis's advantages over the platform with a three letter abbreviation, that had a video game named after the league in charge of the Super Bowl halftime show?","[""built on 16-bit architectures and offered improved graphics and sound"", ""16-bit"", ""16-bit architecture""]","The Genesis (16-bit) offered significantly better graphics, faster processing, and enhanced sound capabilities compared to the 8-bit NES, enabling more complex games, smoother animation, and richer audio",0,1,0.368421,0.368421,0.074074,0.315789,0.259259,0.038462,0.0,0.0,0.555556,1,"[""List of Super Bowl halftime shows"", ""Madonna (entertainer)"", ""Sega Genesis"", ""Super Nintendo Entertainment System"", ""Super Bowl Most Valuable Player Award""]","[""List of Super Bowl halftime shows"", ""NFL (video game)"", ""Super Nintendo Entertainment System"", ""Nintendo Entertainment System""]",5,1,final_answer,False,stop,,primary,api=chat_completions,outputs/musique_ircot_sparse_random_seed520_20260523_100943_ircot_qwen-plus_tok1200_n100_random100_seed520_tok1200/runs/078_4hop1__46196_497223_15840_36002
79,4hop1__88342_49853_128008_92225,When is opening day of the season of the league that the team that has the most titles from the competition they gave out MVP awards after?,"[""March 29, 2018""]",The first week of April,0,0,0.0,0.0,0.0,0.0,0.0,0.0,0.0,0.0,0.0,0,"[""Opening Day"", ""Opening Day"", ""Lin Chih-chieh"", ""Los Angeles Dodgers"", ""Los Angeles Dodgers""]","[""Major League Baseball Most Valuable Player Award"", ""World Series"", ""New York Yankees"", ""2018 Major League Baseball season""]",5,1,final_answer,False,stop,,primary,api=chat_completions,outputs/musique_ircot_sparse_random_seed520_20260523_100943_ircot_qwen-plus_tok1200_n100_random100_seed520_tok1200/runs/079_4hop1__88342_49853_128008_92225
80,4hop1__638706_765799_282674_759393,What is the seat of the county sharing a border with the county where Tenement was founded?,"[""Green Bay""]",Unknown,0,0,0.0,0.0,0.0,0.0,0.0,0.0,0.0,0.0,0.0,1,"[""Baranya County"", ""Jerome Quinn"", ""John C. Petersen"", ""Western Region (Ghana)"", ""Pulaski High School"", ""Tenement (band)"", ""John C. Petersen"", ""Western Region (Ghana)"", ""Jerome Quinn"", ""York, Upper Canada"", ""Pulaski High School"", ""Baranya County"", ""John C. Petersen"", ""Jerome Quinn"", ""Capital Talk""]","[""John C. Petersen"", ""Jerome Quinn"", ""Pulaski High School"", ""Tenement (band)""]",15,3,max_steps,False,stop,,primary,api=chat_completions,outputs/musique_ircot_sparse_random_seed520_20260523_100943_ircot_qwen-plus_tok1200_n100_random100_seed520_tok1200/runs/080_4hop1__638706_765799_282674_759393
81,4hop1__399219_765799_282674_759393,What is the seat of the county sharing a border with the county in which Valley New School is located?,"[""Green Bay""]",Green Bay,1,1,1.0,1.0,1.0,1.0,1.0,1.0,0.0,0.0,1.0,1,"[""Valley New School"", ""Gmina Ujsoły"", ""Pulaski High School"", ""Krasnovishersky District"", ""Rhône-Alpes""]","[""John C. Petersen"", ""Jerome Quinn"", ""Pulaski High School"", ""Valley New School""]",5,1,final_answer,False,stop,,primary,api=chat_completions,outputs/musique_ircot_sparse_random_seed520_20260523_100943_ircot_qwen-plus_tok1200_n100_random100_seed520_tok1200/runs/081_4hop1__399219_765799_282674_759393
82,4hop1__9007_698949_157828_162309,When did the country with a co-official language used in the film titled after the city that is the final resting place of Tito first attend the Olympics games?,"[""2016""]",1920,0,0,0.0,0.0,0.0,0.0,0.0,0.0,0.0,0.0,0.0,1,"[""Josip Broz Tito"", ""Isaac Ntiamoah"", ""The White Suit"", ""List of territorial entities where English is an official language"", ""Catalan language"", ""The White Suit"", ""Josip Broz Tito"", ""Belgrade (film)"", ""Silence in Dreamland"", ""Catalan language""]","[""Belgrade (film)"", ""Josip Broz Tito"", ""Serbian language"", ""Yugoslavia at the Olympics""]",10,2,final_answer,False,stop,,primary,api=chat_completions,outputs/musique_ircot_sparse_random_seed520_20260523_100943_ircot_qwen-plus_tok1200_n100_random100_seed520_tok1200/runs/082_4hop1__9007_698949_157828_162309
83,4hop1__482815_624859_355213_203322,"What county shares a border with the other county, that contains the city, that is the birthplace of the performer of Never Gonna Fall in Love Again?","[""Cabarrus County""]",Lorain County,0,0,0.5,0.5,0.0,0.5,0.5,0.0,0.0,0.0,0.5,1,"[""Never Gonna Fall in Love Again"", ""Gmina Włodawa"", ""Beauty and the Beast (2017 film)"", ""Beauty and the Beast (2017 film)"", ""Cleveland, North Carolina"", ""Gmina Włodawa"", ""Canada–United States border"", ""Canada–United States border"", ""Virginia, Lempira"", ""Gold Hill, North Carolina""]","[""Never Gonna Fall in Love Again"", ""Gold Hill, North Carolina"", ""Cleveland, North Carolina"", ""The Definitive Collection (Eric Carmen album)""]",10,2,final_answer,False,stop,,primary,api=chat_completions,outputs/musique_ircot_sparse_random_seed520_20260523_100943_ircot_qwen-plus_tok1200_n100_random100_seed520_tok1200/runs/083_4hop1__482815_624859_355213_203322
84,4hop1__711307_49925_13759_736921,"The German priest, who wanted Jean Hengen's religious denomination to reform, preached a sermon on Marian devotion a month before his death in what German state?","[""Saxony-Anhalt""]",Saxony-Anhalt,1,1,1.0,1.0,1.0,1.0,1.0,1.0,0.0,0.0,1.0,1,"[""Mary, mother of Jesus"", ""Ambroise-Marie Carré"", ""Jehovah's Witnesses"", ""Radulphe"", ""Jean Hengen""]","[""Reformation"", ""Wittenberg (district)"", ""Mary, mother of Jesus"", ""Jean Hengen""]",5,1,final_answer,False,stop,,primary,api=chat_completions,outputs/musique_ircot_sparse_random_seed520_20260523_100943_ircot_qwen-plus_tok1200_n100_random100_seed520_tok1200/runs/084_4hop1__711307_49925_13759_736921
85,4hop2__161602_474028_88460_20988,For what major conflict is the country on the natural boundary between the country that hosted the tournament and the country where A Don is from known?,"[""one of the world's longest-running ongoing civil wars.""]",Second Sino-Japanese War,0,0,0.0,0.0,0.0,0.0,0.0,0.0,0.0,0.0,0.0,1,"[""Central Highlands (Tasmania)"", ""Beaverdell"", ""Geography of Myanmar"", ""2016 FIFA Club World Cup"", ""A Don"", ""Geography of Myanmar"", ""A Don"", ""2016 FIFA Club World Cup"", ""Beaverdell"", ""1998 FIFA World Cup""]","[""Geography of Myanmar"", ""Myanmar"", ""2020 AFC U-23 Championship qualification"", ""A Don""]",10,2,final_answer,False,stop,,primary,api=chat_completions,outputs/musique_ircot_sparse_random_seed520_20260523_100943_ircot_qwen-plus_tok1200_n100_random100_seed520_tok1200/runs/085_4hop2__161602_474028_88460_20988
86,4hop2__161602_474028_88460_20985,Does the capital city hold the majority of the population in the natural boundary between the country that hosted the tournament and the country where A Don is from?,"[""largest city is Yangon (Rangoon)"", ""Yangon"", ""Rangoon""]",No — Russia and Laos do not share a natural boundary,0,0,0.0,0.0,0.0,0.0,0.0,0.0,0.0,0.0,0.0,1,"[""Reykjavík"", ""Nairobi"", ""2017 FIFA Confederations Cup"", ""2017 FIFA Confederations Cup"", ""A Don""]","[""A Don"", ""Geography of Myanmar"", ""Myanmar"", ""2020 AFC U-23 Championship qualification""]",5,1,final_answer,False,stop,,primary,api=chat_completions,outputs/musique_ircot_sparse_random_seed520_20260523_100943_ircot_qwen-plus_tok1200_n100_random100_seed520_tok1200/runs/086_4hop2__161602_474028_88460_20985
87,4hop2__71753_685934_70784_61381,When was the region that lies to the north of where Israel is located and where The World is located established?,"[""1932""]",The region north of both Israel and The World Islands is not a formally established administrative or geopolitical entity with a defined establishment date,0,0,0.0,0.0,0.0,0.0,0.0,0.0,0.0,0.0,0.0,1,"[""The World (archipelago)"", ""Israel"", ""South Asia"", ""Wollaston Peninsula"", ""Beaverdell"", ""The World (archipelago)"", ""North East Side (Denver)"", ""Israel"", ""Wollaston Peninsula"", ""Beaverdell"", ""Tallebudgera Creek Dam"", ""South Asia"", ""North East Side (Denver)"", ""Wollaston Peninsula"", ""Escó""]","[""Saudi Arabia"", ""The World (archipelago)"", ""Geography of Saudi Arabia"", ""Israel""]",15,3,final_answer,False,stop,,primary,api=chat_completions,outputs/musique_ircot_sparse_random_seed520_20260523_100943_ircot_qwen-plus_tok1200_n100_random100_seed520_tok1200/runs/087_4hop2__71753_685934_70784_61381
88,4hop1__152146_5274_458768_33637,How many ethnic minorities were looked at differently in the city where the headquarters of the only group larger than Långa nätter's record label is located?,"[""two""]",2,0,0,0.0,0.0,0.0,0.0,0.0,0.0,0.0,0.0,0.0,1,"[""Långa nätter"", ""Miami"", ""Santa Monica, California"", ""MCA Records"", ""Nothing Records""]","[""The Right Stuff Records"", ""Santa Monica, California"", ""Sony Music"", ""Långa nätter""]",5,1,final_answer,False,stop,,primary,api=chat_completions,outputs/musique_ircot_sparse_random_seed520_20260523_100943_ircot_qwen-plus_tok1200_n100_random100_seed520_tok1200/runs/088_4hop1__152146_5274_458768_33637
89,4hop1__17192_17130_70784_79935,When was the region immediately north of the region where the country that secured southern Lebanon is located and the Persian Gulf created?,"[""1930""]","No such region exists — southern Lebanon borders Syria and Israel to the north; the Persian Gulf is bordered by Kuwait, Saudi Arabia, Qatar, UAE, Oman, Iran, and Iraq — none share a land boundary with southern Lebanon",0,0,0.0,0.0,0.0,0.0,0.0,0.0,0.0,0.0,0.0,1,"[""Wiechert (crater)"", ""Beaverdell"", ""Geography of Saudi Arabia"", ""Wollaston Peninsula"", ""Arabian Peninsula""]","[""History of Saudi Arabia"", ""Israel"", ""Geography of Saudi Arabia""]",5,1,final_answer,False,stop,,primary,api=chat_completions,outputs/musique_ircot_sparse_random_seed520_20260523_100943_ircot_qwen-plus_tok1200_n100_random100_seed520_tok1200/runs/089_4hop1__17192_17130_70784_79935
90,4hop1__73810_32392_823060_610794,In what county is located the city that shares a border with the capital of the state that won the 2017 NCAA Basketball Tournament?,"[""Richland County"", ""Richland County, South Carolina""]",Richland County,1,1,1.0,1.0,1.0,1.0,1.0,1.0,0.0,0.0,1.0,1,"[""States of Nigeria"", ""2017 NCAA Division I Women's Basketball Tournament"", ""Forest Acres, South Carolina"", ""List of Olympic medalists in basketball"", ""University of Memphis""]","[""2017 NCAA Division I Women's Basketball Tournament"", ""WWNQ"", ""Forest Acres, South Carolina"", ""Charleston, South Carolina""]",5,1,final_answer,False,stop,,primary,api=chat_completions,outputs/musique_ircot_sparse_random_seed520_20260523_100943_ircot_qwen-plus_tok1200_n100_random100_seed520_tok1200/runs/090_4hop1__73810_32392_823060_610794
91,4hop3__531933_836463_161616_77103,When did the city where Souvenir's performer was born become the capitol of the state Knowles was from?,"[""1839""]","Never — Houston, Beyoncé’s birthplace, is not and has never been the capital of Texas",0,0,0.0,0.0,0.0,0.0,0.0,0.0,0.0,0.0,0.0,1,"[""Suga Mama"", ""History of Georgia (U.S. state)"", ""Loew's Grand Theatre"", ""Capital of the Netherlands"", ""Ring the Alarm"", ""Beyoncé"", ""Capital of the Netherlands"", ""History of Georgia (U.S. state)"", ""Beyoncé"", ""Beyoncé""]","[""Souvenir (Eric Johnson album)"", ""History of Austin, Texas"", ""Live from Austin, TX (Eric Johnson album)"", ""Suga Mama""]",10,2,final_answer,False,stop,,primary,api=chat_completions,outputs/musique_ircot_sparse_random_seed520_20260523_100943_ircot_qwen-plus_tok1200_n100_random100_seed520_tok1200/runs/091_4hop3__531933_836463_161616_77103
92,4hop1__57467_53706_795904_580996,What city shares a border with the city where a person worked during the gold rush in the state that has the most house of representatives seat?,"[""Rio Linda""]",None of the provided contexts specify a city that shares a border with a California city where someone worked during the California Gold Rush,0,0,0.0,0.0,0.0,0.0,0.0,0.0,0.0,0.0,0.0,1,"[""Melbourne"", ""Idaho's at-large congressional district"", ""Oak Lawn, Illinois"", ""Atlantic City, Wyoming"", ""Van Cleve Opera House"", ""Melbourne"", ""Idaho's at-large congressional district"", ""Coldspring House"", ""114th United States Congress"", ""Alabama's congressional districts"", ""Melbourne"", ""Idaho's at-large congressional district"", ""California Gold Rush"", ""Klondike Gold Rush"", ""Virginia, Lempira""]","[""Rio Linda High School"", ""United States House of Representatives"", ""History of Sacramento, California"", ""California Gold Rush""]",15,3,max_steps,False,stop,,primary,api=chat_completions,outputs/musique_ircot_sparse_random_seed520_20260523_100943_ircot_qwen-plus_tok1200_n100_random100_seed520_tok1200/runs/092_4hop1__57467_53706_795904_580996
93,4hop3__673447_132409_145082_35031,"Among the top five largest urban areas in the state where Infest's performer was formed, where does Tammy Leitner's birth city rank?","[""third-largest""]",Not enough information,0,0,0.0,0.0,0.0,0.0,0.0,0.0,0.0,0.0,0.0,1,"[""Tennessee"", ""Bangladesh"", ""Mexico City"", ""Infest (album)"", ""New Zealand"", ""Bangladesh"", ""Southern California"", ""San Diego"", ""New Zealand"", ""Charleston, South Carolina"", ""Bangladesh"", ""Southern California"", ""San Diego"", ""New Zealand"", ""Charleston, South Carolina""]","[""Infest (album)"", ""Papa Roach"", ""Tammy Leitner"", ""San Diego""]",15,3,max_steps,False,stop,,primary,api=chat_completions,outputs/musique_ircot_sparse_random_seed520_20260523_100943_ircot_qwen-plus_tok1200_n100_random100_seed520_tok1200/runs/093_4hop3__673447_132409_145082_35031
94,4hop1__455862_508773_85832_745702,Whose navigator father explored the east coast of the region where Ignacio Esparza was later born?,"[""Sebastian Cabot""]",None of the navigators mentioned in the context are identified as the father of someone connected to Ignacio Esparza’s birthplace,0,0,0.0,0.0,0.0,0.0,0.0,0.0,0.0,0.0,0.0,1,"[""Ignacio Esparza"", ""Pedro Álvares Cabral"", ""History of Australia"", ""Paula Santiago"", ""John Cabot"", ""Spice trade"", ""Vicente Yáñez Pinzón"", ""History of Australia"", ""History of the west coast of North America"", ""Frederick de Houtman""]","[""Ignacio Esparza"", ""Paula Santiago"", ""John Cabot"", ""Sebastian Cabot (explorer)""]",10,2,final_answer,False,stop,,primary,api=chat_completions,outputs/musique_ircot_sparse_random_seed520_20260523_100943_ircot_qwen-plus_tok1200_n100_random100_seed520_tok1200/runs/094_4hop1__455862_508773_85832_745702
95,2hop__131455_11960,What is the tallest building in the state where KZAR is located?,"[""JPMorgan Chase Tower"", ""Texas Commerce Tower""]",JPMorgan Chase Tower,1,1,1.0,1.0,1.0,1.0,1.0,1.0,1.0,0.0,1.0,1,"[""KZAR"", ""Marinablue"", ""Empire State Building"", ""List of tallest buildings in Baltimore"", ""Empire State Building"", ""Houston"", ""KZAR"", ""The Kitahama"", ""Empire State Building"", ""List of tallest buildings in Baltimore""]","[""KZAR"", ""Houston""]",10,2,final_answer,False,stop,,primary,api=chat_completions,outputs/musique_ircot_sparse_random_seed520_20260523_100943_ircot_qwen-plus_tok1200_n100_random100_seed520_tok1200/runs/095_2hop__131455_11960
96,2hop__31995_8583,Who did the Slavs have contact with in the country that Steven Spielberg's grandparents were from?,"[""Iranic Sarmatians and the Germanic Goths"", ""Sarmatians""]",Sarmatians and Goths,0,1,0.75,0.75,0.333333,0.75,0.513417,0.256709,0.0,0.0,0.833333,1,"[""Slavs"", ""Slavs"", ""Steven Spielberg"", ""Steven Spielberg"", ""Steven Spielberg""]","[""Slavs"", ""Steven Spielberg""]",5,1,final_answer,False,stop,,primary,api=chat_completions,outputs/musique_ircot_sparse_random_seed520_20260523_100943_ircot_qwen-plus_tok1200_n100_random100_seed520_tok1200/runs/096_2hop__31995_8583
97,3hop2__101905_30152_20999,How were the people that the Ajuran Empire declared independence from by minting coins expelled from David Htan's country?,"[""The dynasty regrouped and defeated the Portuguese""]","There is no historical connection — the Ajuran Empire had no relationship with Myanmar or David Htan’s country, so no such expulsion occurred",0,0,0.0,0.0,0.0,0.0,0.0,0.0,0.0,0.0,0.0,1,"[""Mint (facility)"", ""David Htan"", ""Somalis"", ""Portugal"", ""Germans""]","[""Ottoman Empire"", ""Myanmar"", ""David Htan""]",5,1,final_answer,False,stop,,primary,api=chat_completions,outputs/musique_ircot_sparse_random_seed520_20260523_100943_ircot_qwen-plus_tok1200_n100_random100_seed520_tok1200/runs/097_3hop2__101905_30152_20999
98,3hop2__30956_65244_84681,"When did the people who controlled New York before it became an English colony, come to the country where John Kerry's yacht was built?","[""13 December 1642""]",1642,0,1,0.5,0.5,0.0,0.5,0.135335,0.0,0.0,0.0,0.357143,1,"[""John Kerry"", ""Black people"", ""Thirteen Colonies"", ""Philadelphia"", ""History of New Zealand""]","[""New Amsterdam"", ""History of New Zealand"", ""John Kerry""]",5,1,final_answer,False,stop,,primary,api=chat_completions,outputs/musique_ircot_sparse_random_seed520_20260523_100943_ircot_qwen-plus_tok1200_n100_random100_seed520_tok1200/runs/098_3hop2__30956_65244_84681
99,3hop2__57233_106716_56883,"When was conscription introduced in the country where Pepsi Live was hosted, during the war where The Things They Carried is set?","[""1964""]",Conscription was introduced in Australia in 1964 for the Vietnam War,0,1,0.181818,0.181818,0.0,0.181818,0.1,0.0,0.0,0.0,0.526316,1,"[""The Things They Carried"", ""Canadian Armed Forces"", ""Walt Lloyd"", ""Pepsi Live"", ""Schweppes Cola""]","[""Conscription in Australia"", ""Pepsi Live"", ""The Things They Carried""]",5,1,final_answer,False,stop,,primary,api=chat_completions,outputs/musique_ircot_sparse_random_seed520_20260523_100943_ircot_qwen-plus_tok1200_n100_random100_seed520_tok1200/runs/099_3hop2__57233_106716_56883
100,3hop1__147135_159767_81096,Who won the Indy car race in the largest city and the state capital of the death state of Cochise?,"[""Mario Andretti""]",Not specified in the provided contexts,0,0,0.0,0.0,0.0,0.0,0.0,0.0,0.0,0.0,0.0,1,"[""Logan Gomez"", ""Homero Richards"", ""Tony Renna"", ""Desert Diamond West Valley Phoenix Grand Prix"", ""Cochise"", ""Desert Diamond West Valley Phoenix Grand Prix"", ""Arizona"", ""Fresno, California"", ""Homero Richards"", ""Logan Gomez"", ""Desert Diamond West Valley Phoenix Grand Prix"", ""Arizona"", ""Fresno, California"", ""Homero Richards"", ""Logan Gomez""]","[""Desert Diamond West Valley Phoenix Grand Prix"", ""Arizona"", ""Cochise""]",15,3,max_steps,False,stop,,primary,api=chat_completions,outputs/musique_ircot_sparse_random_seed520_20260523_100943_ircot_qwen-plus_tok1200_n100_random100_seed520_tok1200/runs/100_3hop1__147135_159767_81096
