index,sample_id,question,gold,pred,exact_match,soft_em,answer_f1,rouge1_f,rouge2_f,rougeL_f,bleu1,bleu2,bleu3,bleu4,meteor,title_hit,retrieved_titles,gold_titles,steps,llm_calls,generated_tokens,stop_reason,anytime_answer,anytime_answer_score,anytime_answer_source,best_node_type,best_node_id,run_dir
0,2hop__496961_554601,What's the place of birth of the former member of The Sunnyboys?,Kingscliff,"Kingscliff, New South Wales",1,1,1.0,1.0,1.0,1.0,1.0,1.0,1.0,1.0,1.0,1,"[""Sunnyboys"", ""Jeremy Oxley"", ""Birth certificate"", ""La Rosiere de Pessac"", ""Natural-born-citizen clause"", ""A Prisoner of Birth"", ""Female reproductive system"", ""2018 Illinois gubernatorial election""]","[""Sunnyboys"", ""Jeremy Oxley""]",2,4,329,llm_stop_with_root_memory,"Kingscliff, New South Wales",0.8541885092243013,expansion_candidate,memory,memory_mem_6,/workspace/TDCA/batch_outputs/musique_random100_seed520_20260525_080843/runs/000_2hop__496961_554601
1,2hop__29368_29376,What event caused the founder of Australia's liberal party to become Prime Minister?,Lyons' death in 1939,Defeating the Labor government of Ben Chifley in 1949,0,0,0.166667,0.166667,0.0,0.166667,0.125,0.0,0.0,0.0,0.227273,1,"[""Liberal Party of Australia"", ""Barton Government"", ""History of Australia"", ""Prime Minister of Canada"", ""Second Filat Cabinet"", ""Jean Pelletier"", ""Australia in the Korean War"", ""Lyle Vanclief"", ""Amama Mbabazi"", ""Prime minister"", ""Lyons Government"", ""Hung parliament"", ""People's Congress Party"", ""David Lloyd George""]","[""Liberal Party of Australia""]",6,10,995,high_confidence_root_memory,Defeating the Labor government of Ben Chifley in 1949,0.7353999999999999,path_terminal,memory,memory_mem_6,/workspace/TDCA/batch_outputs/musique_random100_seed520_20260525_080843/runs/001_2hop__29368_29376
2,2hop__77601_814677,What pantheon is the God of the underworld in ancient Egypt a part of?,ancient Egyptian religion,,0,0,0.0,0.0,0.0,0.0,0.0,0.0,0.0,0.0,0.0,1,"[""Book of Exodus"", ""Greek mythology"", ""Temple of Kom Ombo"", ""Romance of the Underworld"", ""Statue of Liberty"", ""The Rape of Proserpina"", ""The Exodus"", ""Hapi (Son of Horus)"", ""History of medicine"", ""Osiris"", ""History of timekeeping devices""]","[""Hapi (Son of Horus)"", ""Osiris""]",6,13,1058,frontier_empty,,0.0,,state,state_1,/workspace/TDCA/batch_outputs/musique_random100_seed520_20260525_080843/runs/002_2hop__77601_814677
3,2hop__92051_827343,Who is the sibling of the actress who played Susan Walker in Miracle on 34th street?,Lana Wood,,0,0,0.0,0.0,0.0,0.0,0.0,0.0,0.0,0.0,0.0,1,"[""Mara Wilson"", ""Tora Suber"", ""Susan Banks"", ""Miracle on 34th Street"", ""Bit part"", ""Mr. Noodle"", ""The Miracle Child""]","[""Five Finger Exercise"", ""Miracle on 34th Street""]",6,13,994,frontier_empty,,0.0,,state,state_1,/workspace/TDCA/batch_outputs/musique_random100_seed520_20260525_080843/runs/003_2hop__92051_827343
4,2hop__16581_16525,When did the person who first brought a postal service into Umayyad lands become caliph?,661,,0,0,0.0,0.0,0.0,0.0,0.0,0.0,0.0,0.0,0.0,1,"[""Punjab, Pakistan"", ""Umayyad Caliphate"", ""Postage stamps and postal history of India"", ""Portugal"", ""Mu'awiya ibn Hisham""]","[""Umayyad Caliphate""]",7,13,1072,final_rerank_reserve,,0.0,,state,state_1,/workspace/TDCA/batch_outputs/musique_random100_seed520_20260525_080843/runs/004_2hop__16581_16525
5,2hop__88906_55840,"In the King's Speech, who played the person who was the King of England in 1950?",Colin Firth,,0,0,0.0,0.0,0.0,0.0,0.0,0.0,0.0,0.0,0.0,1,"[""The King's Speech"", ""Lascelles Principles"", ""Dwight King"", ""Richard of Shrewsbury, Duke of York"", ""List of English monarchs"", ""Gunhilde"", ""August Rush"", ""Civil disobedience"", ""Goi of Baekje"", ""Poor People's Campaign"", ""George VI""]","[""The King's Speech"", ""George VI""]",6,11,911,final_rerank_reserve,,0.0,,state,state_1,/workspace/TDCA/batch_outputs/musique_random100_seed520_20260525_080843/runs/005_2hop__88906_55840
6,2hop__555792_30351,Who did Hayek work for upon being hired by the author of Omnipotent Government?,the Austrian government,,0,0,0.0,0.0,0.0,0.0,0.0,0.0,0.0,0.0,0.0,1,"[""Friedrich Hayek"", ""Chris Metzen"", ""Omnipotent Government"", ""Nicholas Eftimiades"", ""Jean de La Hire""]","[""Omnipotent Government"", ""Friedrich Hayek""]",7,12,1114,final_rerank_reserve,,0.0,,state,state_1,/workspace/TDCA/batch_outputs/musique_random100_seed520_20260525_080843/runs/006_2hop__555792_30351
7,2hop__10122_18974,Who led the military expedition to where now Min dialects are spoken on border with Zhejiang?,Chen Zheng,Chen Zheng,1,1,1.0,1.0,1.0,1.0,1.0,1.0,0.0,0.0,1.0,1,"[""Zhejiang"", ""Hokkien"", ""Normans"", ""Punjab, Pakistan"", ""Armenians"", ""Somalis"", ""Catalan language"", ""Dialect"", ""Endegagn""]","[""Hokkien"", ""Zhejiang""]",4,8,756,llm_stop_with_root_memory,Chen Zheng,0.7654,expansion_candidate,memory,memory_mem_7,/workspace/TDCA/batch_outputs/musique_random100_seed520_20260525_080843/runs/007_2hop__10122_18974
8,2hop__326404_120065,When did Charles Frederick II's birthplace fall?,1738,,0,0,0.0,0.0,0.0,0.0,0.0,0.0,0.0,0.0,0.0,1,"[""Electorate of Baden"", ""Kingdom of Naples"", ""Frederick Charles Adler"", ""Anna of Hohenstaufen"", ""Cornstalk Heights"", ""Charles Frederick II, Duke of Württemberg-Oels"", ""Prince Louis Charles of Prussia"", ""Maximilian von Alopaeus"", ""Darwinius"", ""List of That '70s Show characters"", ""Andronikos V Palaiologos"", ""Merseburg"", ""Sixth Crusade"", ""USS Charles R. Greer (DE-23)""]","[""Merseburg"", ""Charles Frederick II, Duke of Württemberg-Oels""]",7,12,1081,final_rerank_reserve,,0.0,,state,state_1,/workspace/TDCA/batch_outputs/musique_random100_seed520_20260525_080843/runs/008_2hop__326404_120065
9,2hop__16844_20510,When was the entity that was dissolved after the Indian Rebellion in 1857 chartered?,1600,1600,1,1,1.0,1.0,0.0,1.0,1.0,0.0,0.0,0.0,1.0,1,"[""Article 370 of the Constitution of India"", ""Queen Victoria"", ""British Raj"", ""Modern history"", ""Bahadur Shah Zafar"", ""British Empire"", ""East India Company"", ""William Stephen Raikes Hodson"", ""Jamsetji Tata"", ""Vaikom Padmanabha Pillai"", ""List of governors-general of India"", ""Fort Ruhya""]","[""British Empire"", ""Queen Victoria""]",2,4,308,llm_stop_with_root_memory,1600,0.8545063362306538,expansion_candidate,memory,memory_mem_6,/workspace/TDCA/batch_outputs/musique_random100_seed520_20260525_080843/runs/009_2hop__16844_20510
10,2hop__608902_653666,Who is the mother of Katharine Smith Salisbury's brother?,Lucy Mack Smith,Lucy Mack Smith,1,1,1.0,1.0,1.0,1.0,1.0,1.0,1.0,0.0,1.0,1,"[""Zadie Smith"", ""Minnie Cumnock Blodgett"", ""Katharine Smith Salisbury"", ""Dweezil Zappa"", ""Katharine Brown"", ""History of Joseph Smith by His Mother"", ""Will Smith"", ""Tara Bray Smith"", ""Kate Kellaway""]","[""Katharine Smith Salisbury"", ""History of Joseph Smith by His Mother""]",5,10,777,high_confidence_root_memory,Lucy Mack Smith,0.7353999999999999,path_terminal,memory,memory_mem_8,/workspace/TDCA/batch_outputs/musique_random100_seed520_20260525_080843/runs/010_2hop__608902_653666
11,2hop__61664_786853,Who is the spouse of the voice actor of Batman in The Lego Batman Movie?,Amy Poehler,,0,0,0.0,0.0,0.0,0.0,0.0,0.0,0.0,0.0,0.0,1,"[""Will Friedle"", ""The Lego Batman Movie"", ""The Lego Movie (franchise)"", ""Two-Face"", ""On Broadway (film)"", ""Damian Wayne"", ""Joe Chill""]","[""On Broadway (film)"", ""The Lego Batman Movie""]",6,12,888,final_rerank_reserve,,0.0,,state,state_1,/workspace/TDCA/batch_outputs/musique_random100_seed520_20260525_080843/runs/011_2hop__61664_786853
12,2hop__151705_141308,What company is I Dig Love's record label a part of?,Apple Corps,,0,0,0.0,0.0,0.0,0.0,0.0,0.0,0.0,0.0,0.0,1,"[""I Dig Love"", ""Barbara Pittman"", ""For Someone I Love"", ""Sound of Love"", ""Love Sign"", ""Visions of Love"", ""Rebelle Records"", ""Dig This!"", ""Nothing Records"", ""Sony Music"", ""Cargo Records (UK)"", ""Equator Records (Canada)""]","[""I Dig Love"", ""Apple Records""]",7,12,1042,final_rerank_reserve,,0.0,,state,state_1,/workspace/TDCA/batch_outputs/musique_random100_seed520_20260525_080843/runs/012_2hop__151705_141308
13,2hop__424908_500483,"What shares a border with the administrative district where Bieliny, Świętokrzyskie Voivodeship is the capital?",Gmina Daleszyce,,0,0,0.0,0.0,0.0,0.0,0.0,0.0,0.0,0.0,0.0,1,"[""Bieliny, Świętokrzyskie Voivodeship"", ""Cisów-Orłowiny Landscape Park"", ""Wilczyce, Świętokrzyskie Voivodeship"", ""Wojciechowice, Opatów County"", ""Gmina Łubnice, Świętokrzyskie Voivodeship"", ""Gmina Waśniów"", ""Trzemoszna"", ""Łabędziów"", ""Nowy Jawor""]","[""Cisów-Orłowiny Landscape Park"", ""Bieliny, Świętokrzyskie Voivodeship""]",6,10,1005,final_rerank_reserve,,0.0,,state,state_1,/workspace/TDCA/batch_outputs/musique_random100_seed520_20260525_080843/runs/013_2hop__424908_500483
14,2hop__91626_96912,Who gives out the prize named after the author of The Wealth of Nations?,University of Cambridge,,0,0,0.0,0.0,0.0,0.0,0.0,0.0,0.0,0.0,0.0,1,"[""The Wealth of Nations"", ""Sophie Prize"", ""Adam Smith Prize"", ""Francis Ambrière"", ""Nobel Prize in Literature"", ""List of Nobel Peace Prize laureates"", ""Million Writers Award""]","[""Adam Smith Prize"", ""The Wealth of Nations""]",2,6,906,final_rerank_reserve,,0.0,,state,state_1,/workspace/TDCA/batch_outputs/musique_random100_seed520_20260525_080843/runs/014_2hop__91626_96912
15,2hop__83800_747874,Who's the sibling of the player who won the men's wimbledon championship 2016?,Jamie Murray,Jamie Murray,1,1,1.0,1.0,1.0,1.0,1.0,1.0,0.0,0.0,1.0,1,"[""Raatbek Sanatbayev"", ""1999 Wimbledon Championships – Men's Singles"", ""Storvreta IBK"", ""2017 Wimbledon Championships – Men's Singles"", ""1980 Wimbledon Championships – Men's singles final"", ""2011 Valencia Open 500 – Doubles"", ""2016 Wimbledon Championships"", ""The Championships, Wimbledon"", ""Roger Federer"", ""Kallhälls BK"", ""2001 World Men's Handball Championship"", ""2007 UCI Road World Championships""]","[""2011 Valencia Open 500 – Doubles"", ""2016 Wimbledon Championships""]",5,10,787,high_confidence_root_memory,Jamie Murray,0.7353999999999999,path_terminal,memory,memory_mem_6,/workspace/TDCA/batch_outputs/musique_random100_seed520_20260525_080843/runs/015_2hop__83800_747874
16,2hop__814856_110882,What is the Smile performer's birthday?,1 January 1986,,0,0,0.0,0.0,0.0,0.0,0.0,0.0,0.0,0.0,0.0,1,"[""Just to See You Smile"", ""Queen (band)"", ""O Sorriso do Lagarto"", ""Madonna (entertainer)"", ""Our Prayer"", ""Pack Up Your Troubles in Your Old Kit-Bag"", ""Smile (James Cottriall song)"", ""Giuseppe Demachi""]","[""James Cottriall"", ""Smile (James Cottriall song)""]",4,8,731,frontier_empty,,0.0,,state,state_1,/workspace/TDCA/batch_outputs/musique_random100_seed520_20260525_080843/runs/016_2hop__814856_110882
17,2hop__263728_705527,Who is the father of the father of Anwer Ali?,Ahmad Shah Bahadur,,0,0,0.0,0.0,0.0,0.0,0.0,0.0,0.0,0.0,0.0,1,"[""Anwer Ali"", ""Cages"", ""Islamism"", ""Lucy Kennedy"", ""Qudsia Begum"", ""Idries Shah""]","[""Anwer Ali"", ""Qudsia Begum""]",3,6,599,frontier_empty,,0.0,,state,state_1,/workspace/TDCA/batch_outputs/musique_random100_seed520_20260525_080843/runs/017_2hop__263728_705527
18,2hop__88834_356793,Who is the father of Nim's actress in Return to Nim's Island?,Steve Irwin,,0,0,0.0,0.0,0.0,0.0,0.0,0.0,0.0,0.0,0.0,1,"[""Leonhard Seppala"", ""Daddy's Home (film)"", ""A Child from the South"", ""Cheal Point"", ""Return Point"", ""The Green Berets (film)"", ""The Happy Ending (1931 film)"", ""My Daddy, the Crocodile Hunter""]","[""Return to Nim's Island"", ""My Daddy, the Crocodile Hunter""]",4,9,833,frontier_empty,,0.0,,state,state_1,/workspace/TDCA/batch_outputs/musique_random100_seed520_20260525_080843/runs/018_2hop__88834_356793
19,2hop__13353_85402,What is the capitol of the country where the Prunus spinosa leaves much sooner?,Brussels,Brussels,1,1,1.0,1.0,0.0,1.0,1.0,0.0,0.0,0.0,1.0,1,"[""Biodiversity"", ""Abuja"", ""Canton of Zürich"", ""Sooner or Later (Larry Graham song)"", ""Trowulan"", ""Doonan, Queensland"", ""Belgium"", ""Oklahoma""]","[""Biodiversity"", ""Belgium""]",6,9,820,frontier_empty,Brussels,0.9085040178970593,expansion_candidate,memory,memory_mem_9,/workspace/TDCA/batch_outputs/musique_random100_seed520_20260525_080843/runs/019_2hop__13353_85402
20,2hop__2148_78851,Which professional sports team does not play their home games at the same location where the Amateur Boxing Golden Gloves event is held?,Brooklyn Nets NBA,,0,0,0.0,0.0,0.0,0.0,0.0,0.0,0.0,0.0,0.0,1,"[""Floyd Mayweather Jr."", ""New York City"", ""Melbourne"", ""Official game (baseball)"", ""2013 European Amateur Boxing Championships"", ""World Open (snooker)"", ""Buvik IL"", ""Everton F.C."", ""Vermont Lady Voltage"", ""Washington Capitals"", ""Sports in the New York metropolitan area"", ""De Herdgang"", ""Arena Football League"", ""Baseball at the 1984 Summer Olympics""]","[""New York City"", ""Sports in the New York metropolitan area""]",8,9,1121,final_rerank_reserve,Melbourne,0.8303189062969459,expansion_candidate,state,state_1,/workspace/TDCA/batch_outputs/musique_random100_seed520_20260525_080843/runs/020_2hop__2148_78851
21,2hop__58168_38663,What was the percentage that the Dow Jones fell when the US had the highest unemployment rate?,54.7%,,0,0,0.0,0.0,0.0,0.0,0.0,0.0,0.0,0.0,0.0,1,"[""Black Monday (1987)"", ""Tanzania"", ""Copyright infringement"", ""Child labour"", ""Full employment"", ""Portugal"", ""Economy of Greece"", ""Unemployment in the United States"", ""The Wall Street Journal"", ""Philadelphia""]","[""Tanzania"", ""Unemployment in the United States""]",7,13,1115,final_rerank_reserve,,0.0,,state,state_1,/workspace/TDCA/batch_outputs/musique_random100_seed520_20260525_080843/runs/021_2hop__58168_38663
22,2hop__58168_1783,Who was the mayor of New York during the time when the US had its highest unemployment rate?,Fiorello La Guardia,,0,0,0.0,0.0,0.0,0.0,0.0,0.0,0.0,0.0,0.0,1,"[""New York City"", ""Rudy Giuliani during the September 11 attacks"", ""Francis Bloodgood"", ""Supreme court"", ""Full employment"", ""Tanzania"", ""Portugal"", ""Economy of Greece"", ""Unemployment in the United States"", ""Joseph V. McKee"", ""List of Blue Bloods characters"", ""William Lafayette Strong"", ""Philadelphia""]","[""Unemployment in the United States"", ""New York City""]",7,12,1060,final_rerank_reserve,,0.0,,state,state_1,/workspace/TDCA/batch_outputs/musique_random100_seed520_20260525_080843/runs/022_2hop__58168_1783
23,2hop__752214_639679,Who is the spouse of the author of Queen of the Elephants?,Clio Goldsmith,,0,0,0.0,0.0,0.0,0.0,0.0,0.0,0.0,0.0,0.0,1,"[""Queen of the Elephants"", ""Dumbo"", ""Daenerys Targaryen"", ""The Scarlet Letters"", ""Saint Helena"", ""Piper Kerman"", ""Maria Luisa of Savoy""]","[""Queen of the Elephants"", ""Clio Goldsmith""]",3,7,623,frontier_empty,,0.0,,state,state_1,/workspace/TDCA/batch_outputs/musique_random100_seed520_20260525_080843/runs/023_2hop__752214_639679
24,2hop__265989_531490,Who is the mother of the screenwriter of WarGames?,Jane Greer,,0,0,0.0,0.0,0.0,0.0,0.0,0.0,0.0,0.0,0.0,1,"[""WarGames"", ""Nina Companeez"", ""Eva Ionesco"", ""Dungeons & Dragons"", ""The Campaign for North Africa"", ""Rich Banner"", ""Lawrence Lasker"", ""Kyan Khojandi"", ""Jacques Audiard""]","[""Lawrence Lasker"", ""WarGames""]",5,10,905,frontier_empty,,0.0,,state,state_1,/workspace/TDCA/batch_outputs/musique_random100_seed520_20260525_080843/runs/024_2hop__265989_531490
25,2hop__557284_160249,Which years did the war with Antigone's spouse occur?,323–272 BC,,0,0,0.0,0.0,0.0,0.0,0.0,0.0,0.0,0.0,0.0,1,"[""Civil disobedience"", ""Ptolemy (son of Pyrrhus)"", ""June Brown"", ""Christel Khalil"", ""George Wickham"", ""Haemon"", ""Battle of Little Blue River"", ""Hieronymus of Cardia"", ""Nicolò Sagredo"", ""John Cecil Jones"", ""Shark attack"", ""Battle of Kay""]","[""Hieronymus of Cardia"", ""Ptolemy (son of Pyrrhus)""]",6,9,1057,final_rerank_reserve,,0.0,,state,state_1,/workspace/TDCA/batch_outputs/musique_random100_seed520_20260525_080843/runs/025_2hop__557284_160249
26,2hop__32887_235620,Who fathered Emperor Ai of the Chinese dynasty with the oldest remaining wooden buildings?,Emperor Zhaozong of Tang,,0,0,0.0,0.0,0.0,0.0,0.0,0.0,0.0,0.0,0.0,1,"[""Princess Tuoba"", ""Han dynasty"", ""Empress He (Tang dynasty)"", ""Emperor Fei of Jin"", ""Yongzheng Emperor"", ""Andronikos V Palaiologos"", ""Dagenham idol"", ""Map of China"", ""Modern history"", ""Sino-Tibetan relations during the Ming dynasty""]","[""Han dynasty"", ""Empress He (Tang dynasty)""]",2,6,925,final_rerank_reserve,,0.0,,state,state_1,/workspace/TDCA/batch_outputs/musique_random100_seed520_20260525_080843/runs/026_2hop__32887_235620
27,2hop__72487_510545,Who is the spouse of the actor that plays vision in avengers age of ultron?,Jennifer Connelly,,0,0,0.0,0.0,0.0,0.0,0.0,0.0,0.0,0.0,0.0,1,"[""Visual acuity"", ""Avengers: Age of Ultron"", ""Paul Bettany"", ""Christel Khalil"", ""Black Widow (Natasha Romanova)"", ""A Beautiful Mind (soundtrack)"", ""Jeremy Staat""]","[""A Beautiful Mind (soundtrack)"", ""Paul Bettany""]",4,9,705,frontier_empty,Paul Bettany,0.7517072193455421,expansion_candidate,state,state_1,/workspace/TDCA/batch_outputs/musique_random100_seed520_20260525_080843/runs/027_2hop__72487_510545
28,2hop__442175_56873,When did the team that Jamie Ward is a member of win the FA Cup?,1898 and 1959,,0,0,0.0,0.0,0.0,0.0,0.0,0.0,0.0,0.0,0.0,1,"[""Jamie Ward"", ""FC Barcelona"", ""John Terry"", ""Newcastle United F.C."", ""Gareth Southgate"", ""Singapore FA Cup"", ""History of Chelsea F.C."", ""Nottingham Forest F.C."", ""Everton F.C."", ""2015–16 Leicester City F.C. season"", ""2005 FA Cup Final"", ""1914 FA Cup Final"", ""South Africa at the Rugby World Cup""]","[""Jamie Ward"", ""Nottingham Forest F.C.""]",7,12,1057,final_rerank_reserve,,0.0,,state,state_1,/workspace/TDCA/batch_outputs/musique_random100_seed520_20260525_080843/runs/028_2hop__442175_56873
29,2hop__96177_62765,Who did the star of Dark Hazard play in The Ten Commandments?,Dathan,,0,0,0.0,0.0,0.0,0.0,0.0,0.0,0.0,0.0,0.0,1,"[""The Ten Commandments (1956 film)"", ""The Ten Commandments (1923 film)"", ""Honour thy father and thy mother"", ""In a Forest, Dark and Deep"", ""A Sawmill Hazard"", ""Dark Hazard"", ""Gary Oldman"", ""Ten Modern Commandments"", ""Dark Victory""]","[""Dark Hazard"", ""The Ten Commandments (1956 film)""]",7,12,1072,final_rerank_reserve,,0.0,,state,state_1,/workspace/TDCA/batch_outputs/musique_random100_seed520_20260525_080843/runs/029_2hop__96177_62765
30,2hop__21103_16334,"In a 2010 study, what modern population is most closely related to the group that represents the majority of modern Jewry?",modern-day Italians,,0,0,0.0,0.0,0.0,0.0,0.0,0.0,0.0,0.0,0.0,1,"[""Ashkenazi Jews"", ""Jews"", ""The Bellarosa Connection"", ""Anthropology"", ""Orthodox Judaism""]","[""Jews"", ""Ashkenazi Jews""]",7,10,1098,final_rerank_reserve,,0.0,,state,state_1,/workspace/TDCA/batch_outputs/musique_random100_seed520_20260525_080843/runs/030_2hop__21103_16334
31,2hop__770487_494646,What administrative territorial entity contains the headquarters of the Mono Lake Committee?,Mono County,Mono County,1,1,1.0,1.0,1.0,1.0,1.0,1.0,0.0,0.0,1.0,1,"[""Mono Lake Committee"", ""Minsk Region"", ""Lee Vining, California"", ""Crowley Lake"", ""Lake Express"", ""Upper Town, California"", ""Sand, Hedmark"", ""Alamnagar"", ""Pangi Territory"", ""Buckingham Palace"", ""Kakisa Lake"", ""Pitkyaranta"", ""Whitmore Hot Springs, California"", ""Tathlina Lake""]","[""Lee Vining, California"", ""Mono Lake Committee""]",2,4,304,llm_stop_with_root_memory,Mono County,0.7792,expansion_candidate,memory,memory_mem_6,/workspace/TDCA/batch_outputs/musique_random100_seed520_20260525_080843/runs/031_2hop__770487_494646
32,2hop__95172_152907,What city is the actress in Signora Enrica from?,La Goulette,La Goulette,1,1,1.0,1.0,1.0,1.0,1.0,1.0,0.0,0.0,1.0,1,"[""Signora Enrica"", ""Le foto proibite di una signora per bene"", ""Peppino e la vecchia signora"", ""The Balloon Farm"", ""Claudia Cardinale"", ""Marin Sais"", ""Edmund Burke"", ""Fred Schwengel Memorial Bridge"", ""Darwin, Northern Territory""]","[""Claudia Cardinale"", ""Signora Enrica""]",2,4,310,llm_stop_with_root_memory,La Goulette,0.8690597589446298,expansion_candidate,memory,memory_mem_6,/workspace/TDCA/batch_outputs/musique_random100_seed520_20260525_080843/runs/032_2hop__95172_152907
33,2hop__449673_91104,What is the experimental satellite which was the forerunner to the communication satellite of the operator of the RESOURCESAT-2 called?,ATS - 6 (Applications Technology Satellite - 6),,0,0,0.0,0.0,0.0,0.0,0.0,0.0,0.0,0.0,0.0,1,"[""Resourcesat-2"", ""BeiDou"", ""ATS-6"", ""TDRS-6"", ""Hipparcos"", ""Nigeria"", ""OPS 5112"", ""Polar Satellite Launch Vehicle"", ""Optus"", ""Communications in Somalia"", ""Hans K. Ziegler"", ""Communications satellite"", ""INSAT-4CR""]","[""ATS-6"", ""Resourcesat-2""]",8,12,1078,final_rerank_reserve,,0.0,,state,state_1,/workspace/TDCA/batch_outputs/musique_random100_seed520_20260525_080843/runs/033_2hop__449673_91104
34,2hop__61143_165532,Who is the spouse of the actor who played hannibal smith in the a team?,Sherry Boucher,,0,0,0.0,0.0,0.0,0.0,0.0,0.0,0.0,0.0,0.0,1,"[""Tuppy Owen-Smith"", ""Tanisha Smith"", ""Rod Smith (wide receiver)"", ""John \""Hannibal\"" Smith"", ""University of Kansas"", ""Hannibal (TV series)"", ""Five Days from Home"", ""Piper Kerman"", ""Joy Harmon"", ""Plautus""]","[""Five Days from Home"", ""John \""Hannibal\"" Smith""]",5,10,662,frontier_empty,,0.0,,state,state_1,/workspace/TDCA/batch_outputs/musique_random100_seed520_20260525_080843/runs/034_2hop__61143_165532
35,2hop__511296_2684,What was the name of the law passed by the actor from Terminator?,"""Donda West Law""",,0,0,0.0,0.0,0.0,0.0,0.0,0.0,0.0,0.0,0.0,1,"[""Terminator (character)"", ""Memorial Day"", ""In the Name of the Law (1932 film)"", ""Housing and Community Development Act of 1974"", ""Mawson Peninsula"", ""Wayne Newton"", ""French Constitutional Law of 1940"", ""Whistle Pass"", ""Kanye West"", ""Pass laws"", ""Dubai International Airport"", ""Minotaur Pass"", ""Intolerable Acts""]","[""Kanye West"", ""Terminator (character)""]",7,12,1013,final_rerank_reserve,,0.0,,state,state_1,/workspace/TDCA/batch_outputs/musique_random100_seed520_20260525_080843/runs/035_2hop__511296_2684
36,2hop__132472_684936,The company making ALARM follows which company?,BAC,,0,0,0.0,0.0,0.0,0.0,0.0,0.0,0.0,0.0,0.0,0,"[""Amblimation"", ""Beer"", ""East India Company"", ""Tianjin Port (Group) Company"", ""The Alarm (film)"", ""Night Alarm"", ""Fire alarm notification appliance"", ""Hirox"", ""Currensee"", ""Saint Helena"", ""Dave Sharp"", ""Colt Python"", ""Separation of church and state in the United States""]","[""Sea Wolf (missile)"", ""ALARM""]",9,10,1072,final_rerank_reserve,The Alarm,0.8366070305924944,expansion_candidate,state,state_1,/workspace/TDCA/batch_outputs/musique_random100_seed520_20260525_080843/runs/036_2hop__132472_684936
37,2hop__78873_461854,Who is the female star in Gone with the Wind married to?,Laurence Olivier,,0,0,0.0,0.0,0.0,0.0,0.0,0.0,0.0,0.0,0.0,1,"[""Gone with the Wind (film)"", ""21 Days"", ""Loew's Grand Theatre"", ""Scarlett O'Hara"", ""Melanie Hamilton"", ""Harry Davenport (actor)"", ""Darlings of the Gods"", ""Frankly, my dear, I don't give a damn"", ""Laura Hope Crews""]","[""Gone with the Wind (film)"", ""Darlings of the Gods""]",6,11,850,frontier_empty,,0.0,,state,state_1,/workspace/TDCA/batch_outputs/musique_random100_seed520_20260525_080843/runs/037_2hop__78873_461854
38,2hop__66167_72467,Where did the player who scored the most points in a NBA season go in the NBA Draft?,Seattle SuperSonics,,0,0,0.0,0.0,0.0,0.0,0.0,0.0,0.0,0.0,0.0,1,"[""List of National Basketball Association annual scoring leaders"", ""Wardell Jackson"", ""Albert Burditt"", ""Frank Kudelka"", ""1950 NBA draft"", ""Jeryl Sasser"", ""1955 NBA draft"", ""NBA high school draftees"", ""James Bailey (basketball)"", ""2007 NBA draft"", ""Matt Barnes"", ""2017–18 NBA season"", ""Jim Farmer"", ""Cedric Henderson (basketball, born 1965)""]","[""List of National Basketball Association annual scoring leaders"", ""2007 NBA draft""]",7,10,904,final_rerank_reserve,Rutgers University,0.8052520442370199,expansion_candidate,state,state_1,/workspace/TDCA/batch_outputs/musique_random100_seed520_20260525_080843/runs/038_2hop__66167_72467
39,2hop__161872_21567,Who in the14th century introduced musical notation used where Jack later participated in a covert mission?,John Kukuzelis,,0,0,0.0,0.0,0.0,0.0,0.0,0.0,0.0,0.0,0.0,1,"[""24 (TV series)"", ""A Good Day to Die Hard"", ""Late Middle Ages"", ""Classical music"", ""Bâton à feu"", ""CD player"", ""Central Intelligence Agency"", ""S. P. L. Sørensen""]","[""Late Middle Ages"", ""24 (TV series)""]",6,11,1121,final_rerank_reserve,,0.0,,state,state_1,/workspace/TDCA/batch_outputs/musique_random100_seed520_20260525_080843/runs/039_2hop__161872_21567
40,2hop__24976_25002,how long lasting was the pact between Kravchuk and the person organizers wanted to arrest?,10-year,,0,0,0.0,0.0,0.0,0.0,0.0,0.0,0.0,0.0,0.0,1,"[""Molotov–Ribbentrop Pact"", ""Dissolution of the Soviet Union"", ""Umayyad Caliphate"", ""Central Intelligence Agency"", ""Warsaw Pact"", ""Just Say No"", ""Dwight D. Eisenhower"", ""Mark Hobson"", ""Mud and Sand"", ""Ernest Rides Again""]","[""Dissolution of the Soviet Union""]",2,6,920,final_rerank_reserve,,0.0,,state,state_1,/workspace/TDCA/batch_outputs/musique_random100_seed520_20260525_080843/runs/040_2hop__24976_25002
41,2hop__719184_55227,Who plays the wife of the producer of Here Comes the Boom in Grown Ups?,Maria Bello,,0,0,0.0,0.0,0.0,0.0,0.0,0.0,0.0,0.0,0.0,1,"[""Here Comes the Boom"", ""Boom Boom (John Lee Hooker song)"", ""Shakalaka Boom Boom"", ""Top Hat"", ""Krush Groove"", ""Grown Ups (film)"", ""One Girl's Confession"", ""Nanny McPhee and the Big Bang"", ""Sau Crore""]","[""Grown Ups (film)"", ""Here Comes the Boom""]",2,6,925,final_rerank_reserve,Kevin James. It,0.9669105092893439,intermediate_answer,state,state_1,/workspace/TDCA/batch_outputs/musique_random100_seed520_20260525_080843/runs/041_2hop__719184_55227
42,2hop__476927_31270,How far is Hod Lisenbee's place of death in TN from Nashville?,45,,0,0,0.0,0.0,0.0,0.0,0.0,0.0,0.0,0.0,0.0,1,"[""Hod Lisenbee"", ""Nashville metropolitan area"", ""Tennessee"", ""Mount Miller"", ""Land's End to John o' Groats"", ""Lunar distance (astronomy)"", ""Middle Valley, Tennessee"", ""Colonial Heights, Tennessee"", ""Prix de l'Arc de Triomphe"", ""Nolensville, Tennessee"", ""J. Percy Priest Dam""]","[""Tennessee"", ""Hod Lisenbee""]",8,13,1069,final_rerank_reserve,,0.0,,state,state_1,/workspace/TDCA/batch_outputs/musique_random100_seed520_20260525_080843/runs/042_2hop__476927_31270
43,2hop__511176_22458,What does the acronym of the organization Danish Football Union is part of stand for?,International Federation of Association Football,,0,0,0.0,0.0,0.0,0.0,0.0,0.0,0.0,0.0,0.0,1,"[""Rhyl and District RFC"", ""Late Middle Ages"", ""2011 Latvian presidential election"", ""Peter Møller"", ""Stockholm"", ""2000–01 Danish Superliga"", ""FC Vestsjælland"", ""Rasmus Helveg Petersen"", ""Denmark national futsal team"", ""Switzerland""]","[""Switzerland"", ""Denmark national futsal team""]",8,14,1110,final_rerank_reserve,,0.0,,state,state_1,/workspace/TDCA/batch_outputs/musique_random100_seed520_20260525_080843/runs/043_2hop__511176_22458
44,2hop__279729_20057,Who founded what Robert J Chassell is a member of?,Richard Stallman,Richard Stallman,1,1,1.0,1.0,1.0,1.0,1.0,1.0,0.0,0.0,1.0,1,"[""Robert Martin (New Jersey politician)"", ""Robert J. Chassell"", ""Robert J. McGeehan"", ""Bob Flanigan (singer)"", ""Robert J. Weber"", ""Robert J. Vanderbei"", ""Intellectual property"", ""List of Alfalfa Club members"", ""Leroy F. Aarons"", ""De Stijl"", ""Career of Evil"", ""The Tiger's Trail"", ""Lilith (film)"", ""J. Craig Gordon"", ""Mount Goodwin"", ""Love in the Rough"", ""Robert J. Richards"", ""Antitrust Law Journal""]","[""Intellectual property"", ""Robert J. Chassell""]",5,7,445,high_confidence_root_memory,Richard Stallman,0.7983485621160427,expansion_candidate,memory,memory_mem_5,/workspace/TDCA/batch_outputs/musique_random100_seed520_20260525_080843/runs/044_2hop__279729_20057
45,3hop1__145411_443779_52195,Who is the president of the newly declared independent country that is part of the Commission of Truth and Friendship with the country where Sumardi was born?,Francisco Guterres,,0,0,0.0,0.0,0.0,0.0,0.0,0.0,0.0,0.0,0.0,1,"[""Indonesia–Timor Leste Commission of Truth and Friendship"", ""Sumardi"", ""Kenya"", ""The Trouble with the Truth (song)"", ""Warsaw Pact"", ""Samoa"", ""Philadelphia"", ""Independence Day (United States)"", ""Zeferino Martins"", ""United Nations Security Council Resolution 1264""]","[""Indonesia–Timor Leste Commission of Truth and Friendship"", ""Sumardi"", ""East Timor""]",3,6,1042,final_rerank_reserve,,0.0,,state,state_1,/workspace/TDCA/batch_outputs/musique_random100_seed520_20260525_080843/runs/045_3hop1__145411_443779_52195
46,3hop1__488744_443779_52195,Who is the president of the newly declared independent country that is part of the Commission of Truth and Friendship with the country where Jenggawah is located?,Francisco Guterres,,0,0,0.0,0.0,0.0,0.0,0.0,0.0,0.0,0.0,0.0,1,"[""Indonesia–Timor Leste Commission of Truth and Friendship"", ""Kenya"", ""The Trouble with the Truth (song)"", ""Jenggawah, Jember"", ""The Truth About Men"", ""Philadelphia"", ""Warsaw Pact"", ""United Nations Security Council Resolution 1264"", ""Estanislau da Silva"", ""East Timor""]","[""Indonesia–Timor Leste Commission of Truth and Friendship"", ""Jenggawah, Jember"", ""East Timor""]",4,7,1120,final_rerank_reserve,,0.0,,state,state_1,/workspace/TDCA/batch_outputs/musique_random100_seed520_20260525_080843/runs/046_3hop1__488744_443779_52195
47,3hop1__53690_161697_49779,Who was a host of Who Wants to be a Millionaire who shares the same nationality as the author of The Feminine Mystique?,Chris Harrison,,0,0,0.0,0.0,0.0,0.0,0.0,0.0,0.0,0.0,0.0,1,"[""Chris Harrison"", ""Who Wants to Be a Millionaire?"", ""Judith Keppel"", ""The Feminine Mystique"", ""Betty Friedan"", ""Uncanny Alliance"", ""Nightcrawler (comics)"", ""La Ferme Célébrités"", ""Anne Fulda"", ""Farewell Performance""]","[""Betty Friedan"", ""Who Wants to Be a Millionaire (American game show)"", ""The Feminine Mystique""]",2,6,958,final_rerank_reserve,yes,0.968851476685594,intermediate_answer,state,state_1,/workspace/TDCA/batch_outputs/musique_random100_seed520_20260525_080843/runs/047_3hop1__53690_161697_49779
48,3hop1__469478_15840_36002,What were the Genesis's advantages over the platform that plays Sunman?,built on 16-bit architectures and offered improved graphics and sound,,0,0,0.0,0.0,0.0,0.0,0.0,0.0,0.0,0.0,0.0,1,"[""Xbox 360"", ""Super Nintendo Entertainment System"", ""Sunman (video game)"", ""Sonic the Hedgehog (1991 video game)"", ""Chakan: The Forever Man"", ""Sega Genesis"", ""KDE Platform 4"", ""Nintendo Entertainment System"", ""Separation of Light from Darkness"", ""Peter Altenberg"", ""Caliber .50"", ""Lot's wife""]","[""Nintendo Entertainment System"", ""Super Nintendo Entertainment System"", ""Sunman (video game)""]",7,10,1121,final_rerank_reserve,,0.0,,state,state_1,/workspace/TDCA/batch_outputs/musique_random100_seed520_20260525_080843/runs/048_3hop1__469478_15840_36002
49,3hop1__765847_831637_91775,What does SEAL stand for in the branch of military that operates USS Mahan?,"Sea, Air, and Land","Sea, Air, and Land",1,1,1.0,1.0,1.0,1.0,1.0,1.0,1.0,1.0,1.0,1,"[""USS Mahan (DDG-42)"", ""Rudy Boesch"", ""United States Navy SEALs"", ""Seal Online"", ""USS Catbird (AM-68)"", ""HMS Seal (1897)"", ""USS Pegasus (PHM-1)"", ""USS Kilty (DD-137)"", ""USS Goff (DD-247)"", ""USS Watts (DD-567)"", ""USS Macdonough (DD-351)"", ""USS MacLeish (DD-220)"", ""USS Kane (DD-235)"", ""USS Brownson (DD-868)"", ""USS Daly (DD-519)""]","[""USS Mahan (DDG-42)"", ""List of destroyer classes of the United States Navy"", ""United States Navy SEALs""]",3,6,452,llm_stop_with_root_memory,"Sea, Air, and Land",0.7654,expansion_candidate,memory,memory_mem_6,/workspace/TDCA/batch_outputs/musique_random100_seed520_20260525_080843/runs/049_3hop1__765847_831637_91775
50,3hop1__816887_127905_80286,Who has the most hits in the league of the team that Dick Aylward plays for?,Pete Rose,,0,0,0.0,0.0,0.0,0.0,0.0,0.0,0.0,0.0,0.0,1,"[""List of Major League Baseball career hits leaders"", ""Carl Zoll"", ""Dick Aylward"", ""New Haven, Connecticut"", ""Vermont Lady Voltage"", ""Wes Schulmerich"", ""List of Major League Baseball longest winning streaks"", ""Amanda Cinalli"", ""Green Bay Packers"", ""Cleveland Indians""]","[""Dick Aylward"", ""List of Major League Baseball career hits leaders"", ""Cleveland Indians""]",2,6,930,final_rerank_reserve,Pete Rose,0.9754038955390166,intermediate_answer,state,state_1,/workspace/TDCA/batch_outputs/musique_random100_seed520_20260525_080843/runs/050_3hop1__816887_127905_80286
51,3hop1__617062_127905_46894,Who has the lowest batting average in the league that Jim Wilson's team plays for?,Bill Bergen,,0,0,0.0,0.0,0.0,0.0,0.0,0.0,0.0,0.0,0.0,1,"[""Batting average"", ""West Dallas Kings"", ""FA Cup"", ""Cleveland Browns"", ""Jim Wilson (first baseman)"", ""Al Michaels (American football)"", ""Cleveland Indians""]","[""Batting average"", ""Cleveland Indians"", ""Jim Wilson (first baseman)""]",2,6,934,final_rerank_reserve,,0.0,,state,state_1,/workspace/TDCA/batch_outputs/musique_random100_seed520_20260525_080843/runs/051_3hop1__617062_127905_46894
52,3hop1__92991_78276_68042,When did the majority party in the body which determines the rules of the US House and US Senate gain control of the House?,the 2010 election,,0,0,0.0,0.0,0.0,0.0,0.0,0.0,0.0,0.0,0.0,1,"[""Party leaders of the United States House of Representatives"", ""2008 United States Senate elections"", ""Party leaders of the United States Senate"", ""National Assembly of Pakistan"", ""Parliament"", ""Standing Rules of the United States Senate"", ""Democratic Party of Oregon""]","[""2010 United States House of Representatives elections"", ""Party leaders of the United States Senate"", ""Standing Rules of the United States Senate""]",2,6,955,final_rerank_reserve,1931,0.97319546973571,intermediate_answer,state,state_1,/workspace/TDCA/batch_outputs/musique_random100_seed520_20260525_080843/runs/052_3hop1__92991_78276_68042
53,3hop1__379231_40769_64047,When did the luxury division of the manufacturer change the body style of RX 350?,Sales began worldwide in April 2012,,0,0,0.0,0.0,0.0,0.0,0.0,0.0,0.0,0.0,0.0,1,"[""Lexus RX"", ""Bristol 403"", ""Mandolin"", ""Bristol 406"", ""Scion bbX"", ""Scion xD"", ""RX J1856.5−3754""]","[""Scion xD"", ""Lexus RX"", ""1973 oil crisis""]",1,2,157,llm_stop_with_root_memory,March 2012,0.9117624015676526,memory,state,state_1,/workspace/TDCA/batch_outputs/musique_random100_seed520_20260525_080843/runs/053_3hop1__379231_40769_64047
54,3hop2__132957_295815_40768,"When did the maker of the Acura Legend, the manufacturer of Toyopet Master, and Nissan open US assembly plants?",1981,,0,0,0.0,0.0,0.0,0.0,0.0,0.0,0.0,0.0,0.0,1,"[""Toyota"", ""1973 oil crisis"", ""Toyopet Master"", ""Seattle"", ""Nissan Rogue"", ""Janesville Assembly Plant""]","[""1973 oil crisis"", ""Acura Legend"", ""Toyopet Master""]",2,6,951,final_rerank_reserve,early 1980s,0.9725768210849389,intermediate_answer,state,state_1,/workspace/TDCA/batch_outputs/musique_random100_seed520_20260525_080843/runs/054_3hop2__132957_295815_40768
55,3hop1__140554_2053_5289,"What label was bought by the company which, along with ABC and the network which hosts Westinghouse Playhouse, is the other major broadcaster based in NY?",Oriole Records.,,0,0,0.0,0.0,0.0,0.0,0.0,0.0,0.0,0.0,0.0,1,"[""Westinghouse Playhouse"", ""Cannonball Run 2001"", ""The Best of Broadway"", ""Steve Stewart"", ""The Million Dollar Drop"", ""International Playhouse"", ""New York City"", ""New York Giants Radio Network"", ""Sony Music"", ""Little Einsteins"", ""NHL on ABC"", ""Fashions on Parade""]","[""New York City"", ""Westinghouse Playhouse"", ""Sony Music""]",5,9,1107,final_rerank_reserve,,0.0,,state,state_1,/workspace/TDCA/batch_outputs/musique_random100_seed520_20260525_080843/runs/055_3hop1__140554_2053_5289
56,3hop2__792915_223623_162182,In what region of the country containing the Cái River is the place where John Phan was born?,South Central Coast,,0,0,0.0,0.0,0.0,0.0,0.0,0.0,0.0,0.0,0.0,1,"[""John Phan"", ""Tranquille River"", ""Cái River"", ""Cơm rượu"", ""Mueang Phan"", ""South Central Coast"", ""Taggerty River"", ""Beaverdell""]","[""John Phan"", ""South Central Coast"", ""Cái River""]",5,10,953,final_rerank_reserve,,0.0,,state,state_1,/workspace/TDCA/batch_outputs/musique_random100_seed520_20260525_080843/runs/056_3hop2__792915_223623_162182
57,3hop1__106239_650651_7262,Who was a prominent figure at the radio division of the broadcast company that created the version of The Biggest Loser set in the country where Kelupis originated?,Walter Sabo,,0,0,0.0,0.0,0.0,0.0,0.0,0.0,0.0,0.0,0.0,1,"[""1976 FA Cup Final"", ""Kelupis"", ""Johnny Dare"", ""Newcastle United F.C."", ""The Invitations"", ""Pretty Little Liars"", ""The Biggest Loser Brunei: Lose It All"", ""Ali Vincent"", ""The Biggest Loser (season 16)"", ""The Biggest Loser (season 1)"", ""Adult contemporary music""]","[""Adult contemporary music"", ""Kelupis"", ""The Biggest Loser Brunei: Lose It All""]",2,6,927,final_rerank_reserve,,0.0,,state,state_1,/workspace/TDCA/batch_outputs/musique_random100_seed520_20260525_080843/runs/057_3hop1__106239_650651_7262
58,3hop1__131783_131926_13165,What treaty ceded territory to the US extending west to the body of water by the location of the Minikahda Club?,Treaty of Paris,,0,0,0.0,0.0,0.0,0.0,0.0,0.0,0.0,0.0,0.0,1,"[""The Minikahda Club"", ""Silver Lake (Madison, New Hampshire)"", ""Elliott Bay"", ""Territorial waters"", ""Minneapolis"", ""Washington (state)"", ""Treaty of Cession of Manu'a"", ""San Diego"", ""Mexican Cession"", ""Louisiana Purchase"", ""Río Rico, Tamaulipas"", ""French and Indian War"", ""Military history of the United States"", ""Kanije Eyalet""]","[""Military history of the United States"", ""The Minikahda Club"", ""Minneapolis""]",6,11,1030,final_rerank_reserve,Lake Calhoun,0.824645996695876,expansion_candidate,state,state_1,/workspace/TDCA/batch_outputs/musique_random100_seed520_20260525_080843/runs/058_3hop1__131783_131926_13165
59,3hop1__103197_214799_259594,What country gas the border troops of the country of the literature of the country of Andreas Zülow's citizenship?,GDR,,0,0,0.0,0.0,0.0,0.0,0.0,0.0,0.0,0.0,0.0,1,"[""Andreas Zülow"", ""Literature of East Germany"", ""Canada"", ""Spain"", ""Marc Aryan"", ""Cascade City"", ""Ivo Werner"", ""Republic of the Congo"", ""Liechtenstein"", ""Togo"", ""Heinz-Josef Große""]","[""Literature of East Germany"", ""Andreas Zülow"", ""Heinz-Josef Große""]",2,6,932,final_rerank_reserve,East Germany,0.9693010484530326,intermediate_answer,state,state_1,/workspace/TDCA/batch_outputs/musique_random100_seed520_20260525_080843/runs/059_3hop1__103197_214799_259594
60,3hop1__398232_326948_59893,When were the monuments built in the Mother-in-Law performer's birthplace?,"1884,",,0,0,0.0,0.0,0.0,0.0,0.0,0.0,0.0,0.0,0.0,1,"[""Mother-in-Law (song)"", ""Mother-in-Law Lounge"", ""Yang Meng"", ""The Prince of Egypt"", ""Childbirth"", ""Monument to the Unknown Hero"", ""Colosseum"", ""Lincoln Memorial"", ""Robert E. Lee Monument (New Orleans, Louisiana)"", ""Giovanni Cifolelli""]","[""Mother-in-Law (song)"", ""Mother-in-Law Lounge"", ""Robert E. Lee Monument (New Orleans, Louisiana)""]",5,9,1051,final_rerank_reserve,,0.0,,state,state_1,/workspace/TDCA/batch_outputs/musique_random100_seed520_20260525_080843/runs/060_3hop1__398232_326948_59893
61,3hop1__398232_326948_10972,When did the place of birth of the performer of Mother-in-Law elect its first black Mayor?,1970s,,0,0,0.0,0.0,0.0,0.0,0.0,0.0,0.0,0.0,0.0,1,"[""List of mayors of Willoughby"", ""Black people"", ""Childbirth"", ""Mother-in-Law Lounge"", ""Mother-in-Law (song)"", ""Białystok"", ""Affirmative action in the United States"", ""Eugene P. Ruehlmann"", ""Detroit""]","[""Black people"", ""Mother-in-Law Lounge"", ""Mother-in-Law (song)""]",2,6,926,final_rerank_reserve,Harvard Law School,0.9094689454192524,grounded,state,state_1,/workspace/TDCA/batch_outputs/musique_random100_seed520_20260525_080843/runs/061_3hop1__398232_326948_10972
62,3hop1__765565_326948_10972,When did the birthplace of the Here Come the Girls performer elect its first black mayor?,1970s,,0,0,0.0,0.0,0.0,0.0,0.0,0.0,0.0,0.0,0.0,1,"[""Here Come the Girls (song)"", ""Black people"", ""Caucasia (novel)"", ""List of mayors of Willoughby"", ""Mother-in-Law Lounge"", ""Mayor of Jersey City, New Jersey"", ""Néria Lúcio Buzatto"", ""La Rosiere de Pessac"", ""Hardin Bigelow"", ""Detroit"", ""Balestrand"", ""2013 Dunedin mayoral election""]","[""Black people"", ""Mother-in-Law Lounge"", ""Here Come the Girls (song)""]",7,11,1092,final_rerank_reserve,1973,0.7913053842720918,expansion_candidate,state,state_1,/workspace/TDCA/batch_outputs/musique_random100_seed520_20260525_080843/runs/062_3hop1__765565_326948_10972
63,3hop1__857_846_7794,"In 2010, what was the population of the city where the Yongle emperor greeted the person to whom the edict was addressed?",8.005 million,8.005 million,1,1,1.0,1.0,1.0,1.0,1.0,1.0,1.0,0.0,1.0,1,"[""Nanjing"", ""Bloomingdale, Florida"", ""Heresy"", ""Sino-Tibetan relations during the Ming dynasty"", ""Linndale, Ohio""]","[""Sino-Tibetan relations during the Ming dynasty"", ""Nanjing""]",2,4,327,llm_stop_with_root_memory,8.005 million,0.8443239331131981,expansion_candidate,memory,memory_mem_6,/workspace/TDCA/batch_outputs/musique_random100_seed520_20260525_080843/runs/063_3hop1__857_846_7794
64,3hop1__857_846_7887,How many tourists does visit annually the city where the Yongle Emperor greeted the one seen addressed on an preserved edict.,thousands,,0,0,0.0,0.0,0.0,0.0,0.0,0.0,0.0,0.0,0.0,1,"[""Nanjing"", ""Sino-Tibetan relations during the Ming dynasty"", ""Heresy"", ""Athanasius of Alexandria""]","[""Sino-Tibetan relations during the Ming dynasty"", ""Nanjing""]",7,13,1019,final_rerank_reserve,,0.0,,state,state_1,/workspace/TDCA/batch_outputs/musique_random100_seed520_20260525_080843/runs/064_3hop1__857_846_7887
65,3hop1__857_846_7752,Who moved the capitol from the city where the Yongle emperor greeted the person to whom the edict was addressed to Beijing?,Yuan Shikai,,0,0,0.0,0.0,0.0,0.0,0.0,0.0,0.0,0.0,0.0,1,"[""History of Beijing"", ""Nanjing"", ""History of the Ming dynasty"", ""Meiji (era)"", ""Sino-Tibetan relations during the Ming dynasty"", ""Heresy"", ""Religion in ancient Rome"", ""Modern history""]","[""Sino-Tibetan relations during the Ming dynasty"", ""Nanjing""]",7,11,1140,final_rerank_reserve,,0.0,,state,state_1,/workspace/TDCA/batch_outputs/musique_random100_seed520_20260525_080843/runs/065_3hop1__857_846_7752
66,3hop1__446612_160545_62931,Where was the film The Beach filmed in the country where Ercole Manfredi died?,island Koh Phi Phi,Grey,0,0,0.0,0.0,0.0,0.0,0.0,0.0,0.0,0.0,0.0,1,"[""The Choice (2016 film)"", ""Lost (TV series)"", ""Grease (film)"", ""Le pillole di Ercole"", ""Ercole Manfredi"", ""Between Miracles"", ""Bug (2002 film)"", ""The Beach (film)"", ""John Anderson Lodge"", ""Sylvan Beach Union Chapel"", ""Muscle Beach Party""]","[""Ercole Manfredi"", ""Bang Bon District"", ""The Beach (film)""]",3,5,423,llm_stop_with_root_memory,Grey,0.8232134145728867,expansion_candidate,memory,memory_mem_7,/workspace/TDCA/batch_outputs/musique_random100_seed520_20260525_080843/runs/066_3hop1__446612_160545_62931
67,3hop2__326964_851134_7713,How long had Pfrang Association's headquarters location been the capitol city of Yaxing Coach's headquarters location?,about 400 years,,0,0,0.0,0.0,0.0,0.0,0.0,0.0,0.0,0.0,0.0,1,"[""Yaxing Coach"", ""Pfrang Association"", ""Place du Colonel Fabien"", ""Love Around"", ""Alamnagar"", ""Kathmandu"", ""Nanjing"", ""Bermillo de Sayago""]","[""Nanjing"", ""Pfrang Association"", ""Yaxing Coach""]",2,6,979,final_rerank_reserve,Nanjing had not been the capital city of Yangzhou,0.9695963586238525,intermediate_answer,state,state_1,/workspace/TDCA/batch_outputs/musique_random100_seed520_20260525_080843/runs/067_3hop2__326964_851134_7713
68,3hop1__527372_339990_54675,"What mountains can you see from Portland, in the state with the county that contains Fester Hollow?",Tualatin Mountains,,0,0,0.0,0.0,0.0,0.0,0.0,0.0,0.0,0.0,0.0,1,"[""Fester Hollow"", ""Portland, Oregon"", ""Federalism"", ""Socialist Party of Oregon (Columbia County, Oregon)"", ""States of Nigeria"", ""Cormoret"", ""Belprahon""]","[""Portland, Oregon"", ""Fester Hollow"", ""Socialist Party of Oregon (Columbia County, Oregon)""]",2,6,882,final_rerank_reserve,Pennsylvania,0.9684424452027152,intermediate_answer,state,state_1,/workspace/TDCA/batch_outputs/musique_random100_seed520_20260525_080843/runs/068_3hop1__527372_339990_54675
69,3hop1__491648_339990_15538,When did the state where Coles Creek is located reinstate the death penalty?,1984,,0,0,0.0,0.0,0.0,0.0,0.0,0.0,0.0,0.0,0.0,1,"[""Coles Creek (Pennsylvania)"", ""Capital punishment in the United States"", ""List of territorial entities where English is an official language"", ""States of Nigeria"", ""Federalism"", ""Krasnovishersky District"", ""Texas–Indian wars"", ""Socialist Party of Oregon (Columbia County, Oregon)""]","[""Socialist Party of Oregon (Columbia County, Oregon)"", ""Coles Creek (Pennsylvania)"", ""Capital punishment in the United States""]",4,9,705,frontier_empty,,0.0,,state,state_1,/workspace/TDCA/batch_outputs/musique_random100_seed520_20260525_080843/runs/069_3hop1__491648_339990_15538
70,3hop2__127483_19639_10557,What was the language Auctor comes from during the era of the king who united the tribes in the 9th century later known as?,Medieval Latin,,0,0,0.0,0.0,0.0,0.0,0.0,0.0,0.0,0.0,0.0,1,"[""Germans"", ""Davidic line"", ""Himachal Pradesh"", ""Auctor"", ""Erik Refilsson"", ""Erik Björnsson"", ""Kievan Rus'"", ""Norn language"", ""Paul Georg von Möllendorff"", ""Tajikistan"", ""Armenia"", ""Johannine Comma"", ""Middle Ages"", ""Czech language""]","[""Auctor"", ""Middle Ages"", ""Germans""]",4,7,1071,final_rerank_reserve,,0.0,,state,state_1,/workspace/TDCA/batch_outputs/musique_random100_seed520_20260525_080843/runs/070_3hop2__127483_19639_10557
71,3hop2__57186_89048_66294,who played who sang is she really going out with him in the who sang she's out of my life movie?,Lawrence Hilton - Jacobs,,0,0,0.0,0.0,0.0,0.0,0.0,0.0,0.0,0.0,0.0,1,"[""Is She Really Going Out with Him?"", ""She's Out of My Life"", ""Park Sang-jin"", ""Park Seung-min"", ""Francesca Vanini-Boschi"", ""Ann Hampton Callaway"", ""The Prince of Egypt"", ""Marie Fel"", ""Comfortably Numb"", ""On the Good Ship Lollipop""]","[""The Jacksons: An American Dream"", ""She's Out of My Life"", ""Is She Really Going Out with Him?""]",7,9,1077,final_rerank_reserve,,0.0,,state,state_1,/workspace/TDCA/batch_outputs/musique_random100_seed520_20260525_080843/runs/071_3hop2__57186_89048_66294
72,3hop2__89048_228_66294,Who played who sang is she really going out with him in the who influenced Beyonce movie?,Lawrence Hilton - Jacobs,,0,0,0.0,0.0,0.0,0.0,0.0,0.0,0.0,0.0,0.0,1,"[""Is She Really Going Out with Him?"", ""Isgaard"", ""Park Sang-jin"", ""Beyoncé"", ""Walkin' in the Rain with the One I Love"", ""Pyaasa"", ""The Jacksons: An American Dream"", ""Movie Surfers"", ""On the Good Ship Lollipop"", ""Ghosts of Girlfriends Past"", ""Hermine Kittel"", ""In the Name of the People (2000 film)"", ""Chuck Brown""]","[""Beyoncé"", ""Is She Really Going Out with Him?"", ""The Jacksons: An American Dream""]",8,13,1119,final_rerank_reserve,Joe Jackson,1.0,expansion_candidate,state,state_1,/workspace/TDCA/batch_outputs/musique_random100_seed520_20260525_080843/runs/072_3hop2__89048_228_66294
73,3hop1__773338_42197_18397,Where did the arguer that Yuri Bogatyryov's country of citizenship had become an imperialist power declare he would intervene in the Korean conflict?,the Politburo,,0,0,0.0,0.0,0.0,0.0,0.0,0.0,0.0,0.0,0.0,1,"[""Imperialism"", ""Yuri Bogatyryov"", ""Sophia (robot)"", ""Korean War"", ""Ogaden War"", ""World War II"", ""Culture"", ""American Civil War""]","[""Korean War"", ""Imperialism"", ""Yuri Bogatyryov""]",3,7,1035,final_rerank_reserve,,0.0,,state,state_1,/workspace/TDCA/batch_outputs/musique_random100_seed520_20260525_080843/runs/073_3hop1__773338_42197_18397
74,3hop1__404541_629431_124169,When did the Governorship end of the city where the author of Paenitentiam Agere died?,1952,,0,0,0.0,0.0,0.0,0.0,0.0,0.0,0.0,0.0,0.0,1,"[""Paenitentiam agere"", ""Census of Quirinius"", ""Song of Songs"", ""Yang Meng"", ""Jean-Michel Iribarren"", ""Edward Winslow"", ""Canonization of Pope John XXIII and Pope John Paul II"", ""Governor of Vatican City"", ""John Breathitt"", ""Utrecht sodomy trials"", ""Vatican City""]","[""Paenitentiam agere"", ""Canonization of Pope John XXIII and Pope John Paul II"", ""Governor of Vatican City""]",2,6,937,final_rerank_reserve,,0.0,,state,state_1,/workspace/TDCA/batch_outputs/musique_random100_seed520_20260525_080843/runs/074_3hop1__404541_629431_124169
75,3hop1__813285_774554_124169,What year did the post end of Governor of the city where the author of Quadragesimo Anno died?,1952,,0,0,0.0,0.0,0.0,0.0,0.0,0.0,0.0,0.0,0.0,1,"[""Governor of Vatican City"", ""Quadragesimo anno"", ""Chihuahua (state)"", ""Edward Winslow"", ""Song of Songs"", ""All in a Day"", ""Census of Quirinius"", ""Flag of Vatican City"", ""2018 Alaska gubernatorial election"", ""John Breathitt""]","[""Governor of Vatican City"", ""Quadragesimo anno"", ""Flag of Vatican City""]",2,6,914,final_rerank_reserve,1952,0.9695660891323825,intermediate_answer,state,state_1,/workspace/TDCA/batch_outputs/musique_random100_seed520_20260525_080843/runs/075_3hop1__813285_774554_124169
76,3hop1__516535_834494_34099,How long are city council terms in the city located in the county that also contains Allen?,four-year,,0,0,0.0,0.0,0.0,0.0,0.0,0.0,0.0,0.0,0.0,1,"[""Allen, Arizona"", ""Tucson, Arizona"", ""Gmina Tarnów"", ""Tanzania"", ""Pima County Natural Resources, Parks and Recreation"", ""Biłgoraj County"", ""States of Nigeria"", ""City of Toowoomba""]","[""Pima County Natural Resources, Parks and Recreation"", ""Allen, Arizona"", ""Tucson, Arizona""]",2,5,897,final_rerank_reserve,Pima County,0.9705163324532308,intermediate_answer,state,state_1,/workspace/TDCA/batch_outputs/musique_random100_seed520_20260525_080843/runs/076_3hop1__516535_834494_34099
77,4hop1__46196_497223_15840_36002,"What were the Genesis's advantages over the platform with a three letter abbreviation, that had a video game named after the league in charge of the Super Bowl halftime show?",built on 16-bit architectures and offered improved graphics and sound,,0,0,0.0,0.0,0.0,0.0,0.0,0.0,0.0,0.0,0.0,1,"[""List of Super Bowl halftime shows"", ""Madonna (entertainer)"", ""Sega Genesis"", ""Super Bowl Most Valuable Player Award"", ""Super Bowl XLVII halftime show"", ""Super Bowl XXXVIII"", ""Nintendo Entertainment System"", ""Super Bowl XXXVII"", ""Super Bowl XXXII"", ""NFL (video game)"", ""Super Bowl LV"", ""Super Bowl XIV"", ""Doug Williams (quarterback)""]","[""List of Super Bowl halftime shows"", ""NFL (video game)"", ""Super Nintendo Entertainment System"", ""Nintendo Entertainment System""]",2,5,913,final_rerank_reserve,List of Super Bowl halftime shows,0.9324476106567324,grounded,state,state_1,/workspace/TDCA/batch_outputs/musique_random100_seed520_20260525_080843/runs/077_4hop1__46196_497223_15840_36002
78,4hop1__88342_49853_128008_92225,When is opening day of the season of the league that the team that has the most titles from the competition they gave out MVP awards after?,"March 29, 2018",,0,0,0.0,0.0,0.0,0.0,0.0,0.0,0.0,0.0,0.0,0,"[""Opening Day"", ""Lin Chih-chieh"", ""Los Angeles Dodgers"", ""Major League Baseball All-Star Game Most Valuable Player Award"", ""Hart Memorial Trophy"", ""Montreal Expos""]","[""Major League Baseball Most Valuable Player Award"", ""World Series"", ""New York Yankees"", ""2018 Major League Baseball season""]",2,6,992,final_rerank_reserve,first week of April,0.9719402511240907,intermediate_answer,state,state_1,/workspace/TDCA/batch_outputs/musique_random100_seed520_20260525_080843/runs/078_4hop1__88342_49853_128008_92225
79,4hop1__638706_765799_282674_759393,What is the seat of the county sharing a border with the county where Tenement was founded?,Green Bay,,0,0,0.0,0.0,0.0,0.0,0.0,0.0,0.0,0.0,0.0,1,"[""Baranya County"", ""Jerome Quinn"", ""John C. Petersen"", ""Western Region (Ghana)"", ""Tenement (band)"", ""Capital Talk"", ""Pulaski High School"", ""List of capitals in the United States"", ""Potes"", ""Namibia""]","[""John C. Petersen"", ""Jerome Quinn"", ""Pulaski High School"", ""Tenement (band)""]",2,6,947,final_rerank_reserve,Pécs,0.9687151953651327,intermediate_answer,state,state_1,/workspace/TDCA/batch_outputs/musique_random100_seed520_20260525_080843/runs/079_4hop1__638706_765799_282674_759393
80,4hop1__399219_765799_282674_759393,What is the seat of the county sharing a border with the county in which Valley New School is located?,Green Bay,,0,0,0.0,0.0,0.0,0.0,0.0,0.0,0.0,0.0,0.0,1,"[""Valley New School"", ""Gmina Ujsoły"", ""Pulaski High School"", ""Krasnovishersky District"", ""John C. Petersen"", ""Jerome Quinn"", ""Pesanggrahan, South Jakarta"", ""Australia"", ""Union territory""]","[""John C. Petersen"", ""Jerome Quinn"", ""Pulaski High School"", ""Valley New School""]",2,6,956,final_rerank_reserve,Appleton,0.9719909518805185,intermediate_answer,state,state_1,/workspace/TDCA/batch_outputs/musique_random100_seed520_20260525_080843/runs/080_4hop1__399219_765799_282674_759393
81,4hop1__9007_698949_157828_162309,When did the country with a co-official language used in the film titled after the city that is the final resting place of Tito first attend the Olympics games?,2016,,0,0,0.0,0.0,0.0,0.0,0.0,0.0,0.0,0.0,0.0,1,"[""Josip Broz Tito"", ""Isaac Ntiamoah"", ""The White Suit"", ""Yugoslavia at the Olympics"", ""Silence in Dreamland"", ""Catalan language"", ""Portugal"", ""The Lost Language of Cranes"", ""List of territorial entities where English is an official language"", ""Serbian language"", ""Belgrade (film)"", ""Cyprus"", ""Kazakhstan at the Olympics"", ""Moldova at the 1996 Summer Olympics""]","[""Belgrade (film)"", ""Josip Broz Tito"", ""Serbian language"", ""Yugoslavia at the Olympics""]",2,6,951,final_rerank_reserve,1920,0.9733647216503117,intermediate_answer,state,state_1,/workspace/TDCA/batch_outputs/musique_random100_seed520_20260525_080843/runs/081_4hop1__9007_698949_157828_162309
82,4hop1__482815_624859_355213_203322,"What county shares a border with the other county, that contains the city, that is the birthplace of the performer of Never Gonna Fall in Love Again?",Cabarrus County,,0,0,0.0,0.0,0.0,0.0,0.0,0.0,0.0,0.0,0.0,1,"[""Never Gonna Fall in Love Again"", ""Gmina Włodawa"", ""Beauty and the Beast (2017 film)"", ""The Definitive Collection (Eric Carmen album)"", ""Birth certificate"", ""Krasnovishersky District"", ""Gold Hill, North Carolina"", ""Cleveland, North Carolina"", ""Virginia, Lempira""]","[""Never Gonna Fall in Love Again"", ""Gold Hill, North Carolina"", ""Cleveland, North Carolina"", ""The Definitive Collection (Eric Carmen album)""]",2,6,887,final_rerank_reserve,Eric Carmen,0.9680812216566589,intermediate_answer,state,state_1,/workspace/TDCA/batch_outputs/musique_random100_seed520_20260525_080843/runs/082_4hop1__482815_624859_355213_203322
83,4hop1__711307_49925_13759_736921,"The German priest, who wanted Jean Hengen's religious denomination to reform, preached a sermon on Marian devotion a month before his death in what German state?",Saxony-Anhalt,,0,0,0.0,0.0,0.0,0.0,0.0,0.0,0.0,0.0,0.0,1,"[""Mary, mother of Jesus"", ""Ambroise-Marie Carré"", ""Jean Hengen"", ""Radulphe"", ""Jehovah's Witnesses"", ""Betty Eadie"", ""First Great Awakening"", ""Saint Nicholas Church, Strasbourg"", ""Wittenberg (district)"", ""Świecie County"", ""Biłgoraj County"", ""Reformation"", ""Catholic Church in England and Wales""]","[""Reformation"", ""Wittenberg (district)"", ""Mary, mother of Jesus"", ""Jean Hengen""]",6,10,1081,final_rerank_reserve,,0.0,,state,state_1,/workspace/TDCA/batch_outputs/musique_random100_seed520_20260525_080843/runs/083_4hop1__711307_49925_13759_736921
84,4hop2__161602_474028_88460_20988,For what major conflict is the country on the natural boundary between the country that hosted the tournament and the country where A Don is from known?,one of the world's longest-running ongoing civil wars.,,0,0,0.0,0.0,0.0,0.0,0.0,0.0,0.0,0.0,0.0,1,"[""Central Highlands (Tasmania)"", ""Beaverdell"", ""A Don"", ""Geography of Myanmar"", ""Cricket World Cup"", ""2016 FIFA Club World Cup"", ""2017 FIFA Confederations Cup"", ""Oklahoma City"", ""2015 Copa América""]","[""Geography of Myanmar"", ""Myanmar"", ""2020 AFC U-23 Championship qualification"", ""A Don""]",2,6,955,final_rerank_reserve,Laos,0.9731638407418732,intermediate_answer,state,state_1,/workspace/TDCA/batch_outputs/musique_random100_seed520_20260525_080843/runs/084_4hop2__161602_474028_88460_20988
85,4hop2__161602_474028_88460_20985,Does the capital city hold the majority of the population in the natural boundary between the country that hosted the tournament and the country where A Don is from?,largest city is Yangon (Rangoon),,0,0,0.0,0.0,0.0,0.0,0.0,0.0,0.0,0.0,0.0,1,"[""Reykjavík"", ""A Don"", ""Nairobi"", ""2017 FIFA Confederations Cup"", ""Thailand"", ""Dubai"", ""Ottawa"", ""Myanmar""]","[""A Don"", ""Geography of Myanmar"", ""Myanmar"", ""2020 AFC U-23 Championship qualification""]",2,6,958,final_rerank_reserve,,0.0,,state,state_1,/workspace/TDCA/batch_outputs/musique_random100_seed520_20260525_080843/runs/085_4hop2__161602_474028_88460_20985
86,4hop2__71753_685934_70784_61381,When was the region that lies to the north of where Israel is located and where The World is located established?,1932,Dubai,0,0,0.0,0.0,0.0,0.0,0.0,0.0,0.0,0.0,0.0,1,"[""The World (archipelago)"", ""Israel"", ""South Asia"", ""Tzelafon"", ""Beaverdell"", ""Geography of Saudi Arabia"", ""East Redonda Island"", ""Manitung Island"", ""Gazit"", ""Saudi Arabia"", ""North East Side (Denver)"", ""Champlain, Quebec"", ""Wollaston Peninsula"", ""Tallebudgera Creek Dam""]","[""Saudi Arabia"", ""The World (archipelago)"", ""Geography of Saudi Arabia"", ""Israel""]",6,9,925,final_rerank_reserve,Dubai,0.9154845434300143,expansion_candidate,memory,memory_mem_7,/workspace/TDCA/batch_outputs/musique_random100_seed520_20260525_080843/runs/086_4hop2__71753_685934_70784_61381
87,4hop1__152146_5274_458768_33637,How many ethnic minorities were looked at differently in the city where the headquarters of the only group larger than Långa nätter's record label is located?,two,,0,0,0.0,0.0,0.0,0.0,0.0,0.0,0.0,0.0,0.0,1,"[""Långa nätter"", ""Miami"", ""Santa Monica, California"", ""MCA Records"", ""Look What I Almost Stepped In..."", ""Sony Music"", ""The Right Stuff Records"", ""Myanmar"", ""EmArcy Records"", ""Costa Ricans""]","[""The Right Stuff Records"", ""Santa Monica, California"", ""Sony Music"", ""Långa nätter""]",2,6,955,final_rerank_reserve,two,0.9739247013168524,intermediate_answer,state,state_1,/workspace/TDCA/batch_outputs/musique_random100_seed520_20260525_080843/runs/087_4hop1__152146_5274_458768_33637
88,4hop1__17192_17130_70784_79935,When was the region immediately north of the region where the country that secured southern Lebanon is located and the Persian Gulf created?,1930,,0,0,0.0,0.0,0.0,0.0,0.0,0.0,0.0,0.0,0.0,1,"[""Wiechert (crater)"", ""Geography of Saudi Arabia"", ""Beaverdell"", ""Arabian Peninsula"", ""Israel"", ""Wollaston Peninsula"", ""Arabian Sea"", ""Iran"", ""Gmina Bobrowniki, Silesian Voivodeship"", ""Brinovščica""]","[""History of Saudi Arabia"", ""Israel"", ""Geography of Saudi Arabia""]",2,6,933,final_rerank_reserve,,0.0,,state,state_1,/workspace/TDCA/batch_outputs/musique_random100_seed520_20260525_080843/runs/088_4hop1__17192_17130_70784_79935
89,4hop1__73810_32392_823060_610794,In what county is located the city that shares a border with the capital of the state that won the 2017 NCAA Basketball Tournament?,Richland County,,0,0,0.0,0.0,0.0,0.0,0.0,0.0,0.0,0.0,0.0,1,"[""2017 NCAA Division I Women's Basketball Tournament"", ""States of Nigeria"", ""Forest Acres, South Carolina"", ""Three-point field goal"", ""List of Olympic medalists in basketball"", ""Kansas State Wildcats men's basketball"", ""Ohio State Buckeyes men's basketball"", ""Charleston, South Carolina"", ""Oklahoma City"", ""NCAA Division I Men's Basketball Tournament"", ""2016 NCAA Division I Women's Basketball Tournament""]","[""2017 NCAA Division I Women's Basketball Tournament"", ""WWNQ"", ""Forest Acres, South Carolina"", ""Charleston, South Carolina""]",2,6,927,final_rerank_reserve,,0.0,,state,state_1,/workspace/TDCA/batch_outputs/musique_random100_seed520_20260525_080843/runs/089_4hop1__73810_32392_823060_610794
90,4hop3__531933_836463_161616_77103,When did the city where Souvenir's performer was born become the capitol of the state Knowles was from?,1839,,0,0,0.0,0.0,0.0,0.0,0.0,0.0,0.0,0.0,0.0,1,"[""Suga Mama"", ""Beyoncé"", ""Ring the Alarm"", ""History of Georgia (U.S. state)"", ""Destiny's Child"", ""History of Austin, Texas"", ""Souvenir (Eric Johnson album)"", ""Giovanni Cifolelli"", ""The Times""]","[""Souvenir (Eric Johnson album)"", ""History of Austin, Texas"", ""Live from Austin, TX (Eric Johnson album)"", ""Suga Mama""]",2,6,940,final_rerank_reserve,,0.0,,state,state_1,/workspace/TDCA/batch_outputs/musique_random100_seed520_20260525_080843/runs/090_4hop3__531933_836463_161616_77103
91,4hop1__57467_53706_795904_580996,What city shares a border with the city where a person worked during the gold rush in the state that has the most house of representatives seat?,Rio Linda,,0,0,0.0,0.0,0.0,0.0,0.0,0.0,0.0,0.0,0.0,1,"[""Melbourne"", ""Idaho's at-large congressional district"", ""Oak Lawn, Illinois"", ""Atlantic City, Wyoming"", ""Alabama's congressional districts"", ""United States House of Representatives"", ""1979 Japanese general election"", ""Coldspring House"", ""Virginia, Lempira""]","[""Rio Linda High School"", ""United States House of Representatives"", ""History of Sacramento, California"", ""California Gold Rush""]",2,6,962,final_rerank_reserve,Melbourne,0.9733039403897452,intermediate_answer,state,state_1,/workspace/TDCA/batch_outputs/musique_random100_seed520_20260525_080843/runs/091_4hop1__57467_53706_795904_580996
92,4hop3__673447_132409_145082_35031,"Among the top five largest urban areas in the state where Infest's performer was formed, where does Tammy Leitner's birth city rank?",third-largest,,0,0,0.0,0.0,0.0,0.0,0.0,0.0,0.0,0.0,0.0,1,"[""Tennessee"", ""Infest (album)"", ""Mexico City"", ""Bangladesh"", ""Papa Roach"", ""New Zealand"", ""Southern California"", ""Chihuahua (state)"", ""Hyderabad"", ""Tammy Leitner"", ""San Diego""]","[""Infest (album)"", ""Papa Roach"", ""Tammy Leitner"", ""San Diego""]",2,6,966,final_rerank_reserve,,0.0,,state,state_1,/workspace/TDCA/batch_outputs/musique_random100_seed520_20260525_080843/runs/092_4hop3__673447_132409_145082_35031
93,4hop1__455862_508773_85832_745702,Whose navigator father explored the east coast of the region where Ignacio Esparza was later born?,Sebastian Cabot,,0,0,0.0,0.0,0.0,0.0,0.0,0.0,0.0,0.0,0.0,1,"[""Ignacio Esparza"", ""Pedro Álvares Cabral"", ""History of Australia"", ""Paula Santiago"", ""Sebastian Cabot (explorer)"", ""John Cabot"", ""Vicente Yáñez Pinzón"", ""Spice trade"", ""Pennell Coast"", ""Willem Janszoon"", ""Exploration of North America""]","[""Ignacio Esparza"", ""Paula Santiago"", ""John Cabot"", ""Sebastian Cabot (explorer)""]",5,10,927,final_rerank_reserve,,0.0,,state,state_1,/workspace/TDCA/batch_outputs/musique_random100_seed520_20260525_080843/runs/093_4hop1__455862_508773_85832_745702
94,2hop__131455_11960,What is the tallest building in the state where KZAR is located?,JPMorgan Chase Tower,JPMorgan Chase Tower,1,1,1.0,1.0,1.0,1.0,1.0,1.0,1.0,0.0,1.0,1,"[""KZAR"", ""Marinablue"", ""Empire State Building"", ""List of tallest buildings in Baltimore"", ""The Kitahama"", ""Houston"", ""List of tallest buildings and structures"", ""1717 Broadway"", ""Wuhan World Trade Tower"", ""Woolworth Building"", ""EMC Insurance Building"", ""Hyperion Tower"", ""3300 North Central Avenue""]","[""KZAR"", ""Houston""]",3,6,485,high_confidence_root_memory,JPMorgan Chase Tower,0.8878144546150092,expansion_candidate,memory,memory_mem_6,/workspace/TDCA/batch_outputs/musique_random100_seed520_20260525_080843/runs/094_2hop__131455_11960
95,2hop__31995_8583,Who did the Slavs have contact with in the country that Steven Spielberg's grandparents were from?,Iranic Sarmatians and the Germanic Goths,,0,0,0.0,0.0,0.0,0.0,0.0,0.0,0.0,0.0,0.0,1,"[""Slavs"", ""Steven Spielberg"", ""The Color Purple (film)""]","[""Slavs"", ""Steven Spielberg""]",5,11,922,frontier_empty,,0.0,,state,state_1,/workspace/TDCA/batch_outputs/musique_random100_seed520_20260525_080843/runs/095_2hop__31995_8583
96,3hop2__101905_30152_20999,How were the people that the Ajuran Empire declared independence from by minting coins expelled from David Htan's country?,The dynasty regrouped and defeated the Portuguese,Myanmar,0,0,0.0,0.0,0.0,0.0,0.0,0.0,0.0,0.0,0.0,1,"[""Mint (facility)"", ""David Htan"", ""Somalis"", ""Portugal"", ""Ottoman Empire"", ""Germans"", ""Umayyad Caliphate"", ""Muslim world"", ""Myanmar"", ""Somalis in the United Kingdom""]","[""Ottoman Empire"", ""Myanmar"", ""David Htan""]",5,9,993,final_rerank_reserve,,0.0,,memory,memory_mem_5,/workspace/TDCA/batch_outputs/musique_random100_seed520_20260525_080843/runs/096_3hop2__101905_30152_20999
97,3hop2__30956_65244_84681,"When did the people who controlled New York before it became an English colony, come to the country where John Kerry's yacht was built?",13 December 1642,,0,0,0.0,0.0,0.0,0.0,0.0,0.0,0.0,0.0,0.0,1,"[""John Kerry"", ""Black people"", ""Thirteen Colonies"", ""Philadelphia"", ""New Amsterdam"", ""Johnny O Driscoll"", ""USS Lady Mary (SP-212)"", ""USS Gem (SP-41)"", ""The Bronx"", ""Province of New York""]","[""New Amsterdam"", ""History of New Zealand"", ""John Kerry""]",2,6,961,final_rerank_reserve,1623,0.9710258224930861,intermediate_answer,state,state_1,/workspace/TDCA/batch_outputs/musique_random100_seed520_20260525_080843/runs/097_3hop2__30956_65244_84681
98,3hop2__57233_106716_56883,"When was conscription introduced in the country where Pepsi Live was hosted, during the war where The Things They Carried is set?",1964,1964,1,1,1.0,1.0,0.0,1.0,1.0,0.0,0.0,0.0,1.0,1,"[""The Things They Carried"", ""Pepsi Live"", ""Canadian Armed Forces"", ""Schweppes Cola"", ""Some Things Are Meant to Be (song)"", ""Absorption of water"", ""Willie and Family Live"", ""Holly Holliday"", ""Azure Moon"", ""Conscription in Australia"", ""Walt Lloyd"", ""That's the Thing About Love"", ""Happiness Is You"", ""'Bout Changes 'n' Things Take 2"", ""An American Daughter""]","[""Conscription in Australia"", ""Pepsi Live"", ""The Things They Carried""]",6,8,872,llm_stop_with_root_memory,1964,0.8735999993663576,expansion_candidate,memory,memory_mem_7,/workspace/TDCA/batch_outputs/musique_random100_seed520_20260525_080843/runs/098_3hop2__57233_106716_56883
99,3hop1__147135_159767_81096,Who won the Indy car race in the largest city and the state capital of the death state of Cochise?,Mario Andretti,,0,0,0.0,0.0,0.0,0.0,0.0,0.0,0.0,0.0,0.0,1,"[""Logan Gomez"", ""Desert Diamond West Valley Phoenix Grand Prix"", ""Homero Richards"", ""Cochise"", ""Arizona"", ""Tallahassee, Florida"", ""Fresno, California"", ""Tony Renna"", ""Blue Springs, Missouri"", ""Saint Paul, Minnesota""]","[""Desert Diamond West Valley Phoenix Grand Prix"", ""Arizona"", ""Cochise""]",2,6,932,final_rerank_reserve,,0.0,,state,state_1,/workspace/TDCA/batch_outputs/musique_random100_seed520_20260525_080843/runs/099_3hop1__147135_159767_81096
